ledger_id,chunk_report,relative_path,terminal_status,data_domains,general_function,needs_followup,evidence_notes
J03884,java_chunks/custom_protocol_core_largedata_commandhandle.md,com/oudmon/ble/base/bluetooth/BeanFactory.java,read_complete,"battery, bigdata, device_support, hr, hrv, sleep, spo2, steps_sport, temperature, uart_small_data",Maps UART command ID (int) → BaseRspCmd subclass instance,"Resolve VendorConstants.Operation aliases for 29,30,31,44,47",Complete command→response mapping. i2 parameter unused in switch. 120 (0x78) returns null.
J03933,java_chunks/custom_protocol_core_largedata_commandhandle.md,com/oudmon/ble/base/communication/CommandHandle.java,read_complete,"ble_connection, sync_scheduler, uart_small_data","Singleton dispatch for UART small-data commands: serialize, register callback, send",Find where LocalWriteRequestConcurrentHashMap entries are cleaned up (timeout logic),Callback key = value[0] & 0x7F. No timeout visible here.
J03967,java_chunks/custom_protocol_core_largedata_commandhandle.md,com/oudmon/ble/base/communication/LargeDataHandler.java,read_complete,"bigdata, ble_connection, hr, sleep, spo2, sync_scheduler, temperature",Singleton for bulk data sync over Large Data channel (separate UUIDs from UART),Confirm syncIntervalHeartRate actually calls syncIntervalBloodOxygenReal (looks like a decompiler bug — should be syncIntervalHeartRateReal),903 lines. Two sleep parsers: old (cmd 39) and lunch (cmd 62). Interval HR reuses getIntervalOxygen() (same format as SpO2). Temperature uses 2-byte LE values / 100.0f.
J03970,java_chunks/custom_protocol_core_largedata_commandhandle.md,com/oudmon/ble/base/communication/req/BaseReqCmd.java,read_complete,uart_small_data,"Abstract base for all UART request commands. Builds [cmd, subData, CRC] in 16-byte buffer",Confirm whether Constants.l is ever changed at runtime,CRC = sum of all preceding bytes & 0xFF. Buffer always 16 bytes.
J03974,java_chunks/custom_protocol_core_largedata_commandhandle.md,com/oudmon/ble/base/communication/req/BloodOxygenSettingReq.java,read_complete,spo2,Request to read/write SpO2 interval settings,Confirm BloodOxygenSettingRsp parsing (not assigned),"1, interval}."
J03990,java_chunks/custom_protocol_core_largedata_commandhandle.md,com/oudmon/ble/base/communication/req/HRVReq.java,read_complete,hrv_regular,Request HRV data for a given day offset,—,**Confirms HRV uses UART channel** (BaseReqCmd → MixtureReq → UART write). Single byte payload.
J04011,java_chunks/custom_protocol_core_largedata_commandhandle.md,com/oudmon/ble/base/communication/req/ReadHeartRateReq.java,read_complete,"hr, uart_small_data",Request historical HR data for a given UTC timestamp,—,4-byte UTC timestamp as subData. **UART channel.**
J04016,java_chunks/custom_protocol_core_largedata_commandhandle.md,com/oudmon/ble/base/communication/req/RealTimeHeartRate.java,read_complete,"hr, uart_small_data",Request real-time HR measurement with type parameter,—,Single byte type. **UART channel.**
J04026,java_chunks/custom_protocol_core_largedata_commandhandle.md,com/oudmon/ble/base/communication/req/StartHeartRateReq.java,read_complete,"hr, spo2, uart_small_data",Start/stop HR or SpO2 measurement sessions,Confirm what mode values 0-5 mean (interval vs manual vs continuous),"Mode 6=realtime HR, mode 16=ECG, mode<3 → param=0, mode>=3 → param=BCD(25). **UART channel.**"
J04045,java_chunks/custom_protocol_core_largedata_commandhandle.md,com/oudmon/ble/base/communication/rsp/BaseRspCmd.java,read_complete,uart_small_data,Abstract base for all UART response objects,—,"a=status, b=cmdType. Minimal base."
J04057,java_chunks/custom_protocol_core_largedata_commandhandle.md,com/oudmon/ble/base/communication/rsp/DeviceSupportFunctionRsp.java,read_complete,"device_support, uart_small_data",Parse device capability bitmap from BLE response,Map obfuscated field names (c..U) to actual feature names — needs cross-ref with UI code,30+ boolean feature flags. Bytes [1..4] always parsed. Bytes [5..9] conditionally parsed if non-zero.
J04067,java_chunks/custom_protocol_core_largedata_commandhandle.md,com/oudmon/ble/base/communication/rsp/HRVRsp.java,read_complete,"hrv_regular, uart_small_data",Multi-packet HRV response accumulator,Determine what the 13-byte HRV record contains (RMSSD? SDNN? LF/HF?),"13-byte-per-record. Multi-packet: init (count, range), first (dayOffset, data), continuation (data). End on b==count-1 or [0]==0xFF. **UART channel.**"
J04088,java_chunks/custom_protocol_core_largedata_commandhandle.md,com/oudmon/ble/base/communication/rsp/ReadHeartRateRsp.java,read_complete,"hr, uart_small_data",Multi-packet historical HR response accumulator,—,"13-byte-per-record. Multi-packet with UTC timestamp in first packet. 288-byte output array (5-min intervals for 24h). Timezone-adjusted. Special case: if today and b==23, returns empty."
J04095,java_chunks/custom_protocol_core_largedata_commandhandle.md,com/oudmon/ble/base/communication/rsp/RealTimeHeartRateRsp.java,read_complete,"hr, uart_small_data",Single-byte real-time HR response,—,Simplest response: one byte = HR value.
J04099,java_chunks/custom_protocol_core_largedata_commandhandle.md,com/oudmon/ble/base/communication/rsp/StartHeartRateRsp.java,read_complete,"hr, uart_small_data",Response to start/stop HR measurement command,Confirm what errCode values mean (0=success?),Includes blood pressure (sbp/dbp) in bytes [3..4] if length >= 5. errCode at [1].
J04145,java_chunks/ch0009_app_orchestration_strong_hits.md,com/qcwireless/smart/base/di/KoinModuleKt.java,active,bigdata\,hr\,Yes — trace into repository implementations for actual sync logic,Definitive DI wiring hub. Registers all health repos as singletons and all VMs with repo injection.
J04147,java_chunks/ch0009_app_orchestration_strong_hits.md,com/qcwireless/smart/base/dialog/adapter/EasyAdapter.java,active,ble_connection\,uart_small_data,No,Generic UI adapter; no domain logic.
J04153,java_chunks/ch0009_app_orchestration_strong_hits.md,com/qcwireless/smart/base/dialog/BottomDeviceHeartRemindValueDialog.java,active,bigdata\,ble_connection\,No,"Two modes: high (100-150 bpm) and low (40-50 bpm) thresholds. Uses GattError constants as numeric values (133, 129)."
J04157,java_chunks/ch0009_app_orchestration_strong_hits.md,com/qcwireless/smart/base/dialog/BottomListDialog.java,active,ble_connection\,uart_small_data,No,Pure UI dialog; no domain logic.
J04158,java_chunks/ch0009_app_orchestration_strong_hits.md,com/qcwireless/smart/base/dialog/BottomRemindDialog.java,active,ble_connection\,uart_small_data,No,UI dialog for creating reminders; week-repeat selection and time picking.
J04166,java_chunks/ch0009_app_orchestration_strong_hits.md,com/qcwireless/smart/base/dialog/HeartWarningDialog.java,active,hr,Heart rate warning threshold picker dialog (wheel selector),No,UI dialog for selecting HR warning threshold values.
J04174,java_chunks/ch0009_app_orchestration_strong_hits.md,com/qcwireless/smart/base/event/BatteryIsChargingEvent.java,active,battery,EventBus event signaling battery charging state change,No,Marker event; no payload.
J04175,java_chunks/ch0009_app_orchestration_strong_hits.md,com/qcwireless/smart/base/event/BatteryLowEvent.java,active,battery,EventBus event signaling low battery,No,Marker event; no payload. Posted by QcLifeCycle.onActivityResumed().
J04176,java_chunks/ch0009_app_orchestration_strong_hits.md,com/qcwireless/smart/base/event/BluetoothEvent.java,active,ble_connection,EventBus event signaling BLE connection state change,No,Carries boolean connect flag.
J04177,java_chunks/ch0009_app_orchestration_strong_hits.md,com/qcwireless/smart/base/event/BluetoothInitDeviceEvent.java,active,ble_connection,EventBus event signaling BLE device initialization,No,Marker event; no payload.
J04178,java_chunks/ch0009_app_orchestration_strong_hits.md,com/qcwireless/smart/base/event/BluetoothSppEvent.java,active,ble_connection,EventBus event signaling SPP (serial port profile) connection state,No,Carries boolean connect flag.
J04179,java_chunks/ch0009_app_orchestration_strong_hits.md,com/qcwireless/smart/base/event/BluetoothSyncEvent.java,active,ble_connection\,sync_scheduler,No,Marker event; no payload. Signals sync should start.
J04184,java_chunks/ch0009_app_orchestration_strong_hits.md,com/qcwireless/smart/base/event/DataSyncEvent.java,active,sync_scheduler,EventBus event signaling data sync status,No,Carries boolean status (sync in-progress vs. complete).
J04190,java_chunks/ch0009_app_orchestration_strong_hits.md,com/qcwireless/smart/base/event/DeviceHeartChangeEvent.java,active,hr,EventBus event carrying real-time heart rate value from device,No,Carries integer heart rate value. Key for live HR updates.
J04192,java_chunks/ch0009_app_orchestration_strong_hits.md,com/qcwireless/smart/base/event/DeviceSyncEvent.java,active,sync_scheduler,EventBus event signaling device sync trigger,No,Marker event; no payload.
J04193,java_chunks/ch0009_app_orchestration_strong_hits.md,com/qcwireless/smart/base/event/DeviceSyncTodayStepsAndDetailEvent.java,active,sync_scheduler,EventBus event signaling today's steps+detail sync completion,No,Marker event; no payload.
J04194,java_chunks/ch0009_app_orchestration_strong_hits.md,com/qcwireless/smart/base/event/DeviceSyncTodayStepsEvent.java,active,sync_scheduler,EventBus event signaling today's steps sync completion,No,Marker event; no payload.
J04195,java_chunks/ch0009_app_orchestration_strong_hits.md,com/qcwireless/smart/base/event/DeviceToAppSyncEvent.java,active,sync_scheduler,EventBus event signaling device-to-app sync with type discriminator,Yes — map type values to data domains,"Carries mutable type int — likely maps to data domain (HR, SpO2, sleep, etc.). **Key sync routing event.**"
J04237,java_chunks/ch0009_app_orchestration_strong_hits.md,com/qcwireless/smart/base/event/TodayDataSyncEvent.java,active,sync_scheduler,EventBus event signaling today's data sync status,No,"Carries boolean status. Similar to DataSyncEvent but scoped to ""today""."
J04259,java_chunks/ch0009_app_orchestration_strong_hits.md,com/qcwireless/smart/base/ktx/SystemServiceExtKt.java,active,battery\,bigdata\,No,Utility class; no domain logic. Provides type-safe system service getters.
J04263,java_chunks/ch0009_app_orchestration_strong_hits.md,com/qcwireless/smart/base/ktx/ThreadExtKt$ktxRunOnBgSingleAnother$1.java,active,bigdata\,hr,No,Coroutine helper; joins a job before running. No domain logic.
J04269,java_chunks/ch0009_app_orchestration_strong_hits.md,com/qcwireless/smart/base/lifecycle/QcLifeCycle.java,active,battery\,ble_connection\,Yes — trace DeviceReconnect and ThreadManager for full reconnect/sleep flow,"**Key orchestration file.** On resume: queries battery, posts BatteryLowEvent, triggers BLE reconnect if disconnected. On pause: sets thread sleep mode. Uses SimpleKeyReq((byte)3) for battery command."
J04270,java_chunks/ch0009_app_orchestration_strong_hits.md,com/qcwireless/smart/base/permission/PermissionUtilKt.java,active,ble_connection,Kotlin utility for Android permission checks and requests,No,Utility class; no domain logic. Wraps XXPermissions library.
J04273,java_chunks/ch0009_app_orchestration_strong_hits.md,com/qcwireless/smart/base/pref/UserConfig.java,active,battery\,bigdata\,Yes — map all deviceSupportList values to feature flags,"**Critical config hub.** Controls which data domains are active (hrvSupport, bloodOxygenSupport, temperature, etc.), sync timing (lastSyncFromServerTime, lastSyncTodaySteps, lastTenMinSyncTime), device support lists, and BLE connection state."
J04274,java_chunks/ch0009_app_orchestration_strong_hits.md,com/qcwireless/smart/base/pref/UserConfigDAO.java,active,battery\,ble_connection\,No,**Key persistence layer.** Maps all UserConfig fields to SharedPreferences keys. Preference key names reveal the canonical field naming convention.
J04282,java_chunks/ch0009_app_orchestration_strong_hits.md,com/qcwireless/smart/base/utils/FileUtils.java,active,storage_db,"File I/O utilities — read/write/copy files, URI path resolution",No,File utility; touches storage_db domain. Constants suggest protocol-related file operations.
J04283,java_chunks/ch0009_app_orchestration_strong_hits.md,com/qcwireless/smart/base/utils/GetFilePathFromUri.java,active,storage_db,URI-to-filepath converter for Android content/document URIs,No,Utility class; no domain logic.
J04288,java_chunks/ch0009_app_orchestration_strong_hits.md,com/qcwireless/smart/base/utils/QcDateUtil.java,active,steps_sport,Date formatting utility for app-wide date display,No,Date formatting utility; no domain logic.
J04289,java_chunks/ch0009_app_orchestration_strong_hits.md,com/qcwireless/smart/base/utils/ShellUtils.java,active,bigdata\,hr\,Yes — map the 0x01xx command IDs to BLE protocol operations,"**Notable: contains many BLE protocol command IDs** (0x0101-0x019b range) plus numeric constants (39, 40, 44, 57, 60, 73, 95). These may be embedded in the decompiled output as switch case labels or constant arrays."
J04291,java_chunks/ch0009_app_orchestration_strong_hits.md,com/qcwireless/smart/base/utils/TelephonyHelper.java,active,sync_scheduler,Phone call state monitoring utility,No,Monitors phone call state for call notification push to device.
J05019,java_chunks/ch0009_app_orchestration_strong_hits.md,com/qcwireless/smart/QCApplication.java,active,ble_connection\,uart_small_data,No,"**Top-level orchestration entry point.** Initializes entire app stack including Koin DI, BLE, receivers. Scan config keys: R01-R06, R11, VK-5098, MERLIN, Hello Ring, RING1, boAtring, Y25, H59."
J05020,java_chunks/ch0009_app_orchestration_strong_hits.md,com/qcwireless/smart/QJavaApplication.java,active,sleep\,sync_scheduler,No,Manages BLE scan filter keys and device support CS list. Singleton pattern.
J05023,java_chunks/ch0009_app_orchestration_strong_hits.md,com/qcwireless/smart/ui/activity/LoadingActivity.java,active,bigdata\,hr\,No,Routing activity; no domain logic.
J05024,java_chunks/ch0009_app_orchestration_strong_hits.md,com/qcwireless/smart/ui/ui/activity/LoginGuideActivity.java,active,bigdata\,hr,No,UI routing activity; no domain logic.
J05026,java_chunks/ch0009_app_orchestration_strong_hits.md,com/qcwireless/smart/ui/activity/MainActivity$initDeviceRequestLocation$1$1.java,active,bigdata,Coroutine lambda for requesting device location and writing to BLE,Yes — trace LargeDataHandler for full BLE write protocol,"**BLE write orchestration.** Fetches location from server, writes to device via LargeDataHandler. Shows repository→BLE data flow pattern."
J05028,java_chunks/ch0010_app_orchestration_strong_hits.md,MainActivity,Deep-read complete,"**sync_scheduler, ble_connection, hr, sleep, spo2, steps_sport, temperature**",MainActivity,Deep-read complete,🔴 CRITICAL
J05029,java_chunks/ch0010_app_orchestration_strong_hits.md,MoreDeviceActivity,Deep-read complete,ble_connection,MoreDeviceActivity,Deep-read complete,🟡 MEDIUM
J05031,java_chunks/ch0010_app_orchestration_strong_hits.md,SelectDeviceActivity,Deep-read complete,ble_connection,SelectDeviceActivity,Deep-read complete,🟢 LOW
J05049,java_chunks/ch0010_app_orchestration_strong_hits.md,QcService,Deep-read complete,"**sync_scheduler, hr, sleep, spo2, steps_sport, temperature, hrv_regular**",QcService,Deep-read complete,🔴 CRITICAL
J05061,java_chunks/ch0010_app_orchestration_strong_hits.md,DeviceFunctionSupport,Deep-read complete,"**hr, spo2, temperature, ble_connection**",DeviceFunctionSupport,Deep-read complete,🔴 CRITICAL
J05062,java_chunks/ch0010_app_orchestration_strong_hits.md,DeviceFunctionTouchOnlySupport,Deep-read complete,"**hr, spo2, temperature, ble_connection**",DeviceFunctionTouchOnlySupport,Deep-read complete,🟡 MEDIUM
J05064,java_chunks/ch0010_app_orchestration_strong_hits.md,DeviceSetting,Deep-read complete,"**hr, hrv_regular, spo2, temperature, sleep, bp**",DeviceSetting,Deep-read complete,🔴 CRITICAL
J05066,java_chunks/ch0010_app_orchestration_strong_hits.md,GeneratedJsonAdapter (DeviceSetting),Deep-read complete,storage_db,GeneratedJsonAdapter (DeviceSetting),Deep-read complete,🟢 LOW
J05067,java_chunks/ch0010_app_orchestration_strong_hits.md,OneKeySupport,Deep-read complete,"**hr, spo2, hrv_regular, temperature, bp**",OneKeySupport,Deep-read complete,🔴 CRITICAL
J05070,java_chunks/ch0010_app_orchestration_strong_hits.md,GeneratedJsonAdapter (GoogleFitDataBean),Deep-read complete,steps_sport,GeneratedJsonAdapter (GoogleFitDataBean),Deep-read complete,🟢 LOW
J05080,java_chunks/ch0010_app_orchestration_strong_hits.md,BloodOxygenRequest,Deep-read complete,**spo2**,BloodOxygenRequest,Deep-read complete,🔴 CRITICAL
J05081,java_chunks/ch0010_app_orchestration_strong_hits.md,BloodPressureRequest,Deep-read complete,**bp**,BloodPressureRequest,Deep-read complete,🔴 CRITICAL
J05082,java_chunks/ch0010_app_orchestration_strong_hits.md,BpDownRequest,Deep-read complete,**bp**,BpDownRequest,Deep-read complete,🟡 MEDIUM
J05083,java_chunks/ch0010_app_orchestration_strong_hits.md,CommitSleepNewProtocolParam,Deep-read complete,**sleep**,CommitSleepNewProtocolParam,Deep-read complete,🔴 CRITICAL
J05085,java_chunks/ch0010_app_orchestration_strong_hits.md,HeartRateIntervalRequest,Deep-read complete,"**hr, hrv_regular**",HeartRateIntervalRequest,Deep-read complete,🔴 CRITICAL
J05086,java_chunks/ch0010_app_orchestration_strong_hits.md,SleepDetailRequest,Deep-read complete,**sleep**,SleepDetailRequest,Deep-read complete,🔴 CRITICAL
J05087,java_chunks/ch0010_app_orchestration_strong_hits.md,SleepTypeAndDuration,Deep-read complete,**sleep**,SleepTypeAndDuration,Deep-read complete,🟡 MEDIUM
J05088,java_chunks/ch0010_app_orchestration_strong_hits.md,Spo2DownRequest,Deep-read complete,**spo2**,Spo2DownRequest,Deep-read complete,🟡 MEDIUM
J05089,java_chunks/ch0010_app_orchestration_strong_hits.md,SportDetailRequest,Deep-read complete,**steps_sport**,SportDetailRequest,Deep-read complete,🔴 CRITICAL
J05091,java_chunks/ch0010_app_orchestration_strong_hits.md,TemperatureDownloadRequest,Deep-read complete,**temperature**,TemperatureDownloadRequest,Deep-read complete,🟡 MEDIUM
J05092,java_chunks/ch0010_app_orchestration_strong_hits.md,TemperatureRequest,Deep-read complete,**temperature**,TemperatureRequest,Deep-read complete,🔴 CRITICAL
J05095,java_chunks/ch0010_app_orchestration_strong_hits.md,GoalSettingRequest,Deep-read complete,"**steps_sport, sleep**",GoalSettingRequest,Deep-read complete,🟡 MEDIUM
J05111,java_chunks/ch0010_app_orchestration_strong_hits.md,HeartRateResp,Deep-read complete,**hr**,HeartRateResp,Deep-read complete,🔴 CRITICAL
J05113,java_chunks/ch0010_app_orchestration_strong_hits.md,SleepDetailNewProtocolResp,Deep-read complete,**sleep**,SleepDetailNewProtocolResp,Deep-read complete,🔴 CRITICAL
J05114,java_chunks/ch0010_app_orchestration_strong_hits.md,SleepDetailResp,Deep-read complete,**sleep**,SleepDetailResp,Deep-read complete,🔴 CRITICAL
J05116,java_chunks/ch0010_app_orchestration_strong_hits.md,SportDetailResp,Deep-read complete,**steps_sport**,SportDetailResp,Deep-read complete,🔴 CRITICAL
J05118,java_chunks/ch0010_app_orchestration_strong_hits.md,TemperatureDownResp,Deep-read complete,**temperature**,TemperatureDownResp,Deep-read complete,🔴 CRITICAL
J05139,java_chunks/ch0010_app_orchestration_strong_hits.md,BitmapCroppingWorkerTask,Background bitmap crop worker,,,Background bitmap crop worker,BitmapCroppingWorkerTask
J05140,java_chunks/ch0010_app_orchestration_strong_hits.md,BitmapLoadingWorkerTask,Background bitmap load worker,,,Background bitmap load worker,BitmapLoadingWorkerTask
J05141,java_chunks/ch0010_app_orchestration_strong_hits.md,BitmapUtils,Bitmap utility methods,,,Bitmap utility methods,BitmapUtils
J05143,java_chunks/ch0010_app_orchestration_strong_hits.md,CropImageActivity,Image cropping activity,,,Image cropping activity,CropImageActivity
J05145,java_chunks/ch0010_app_orchestration_strong_hits.md,CropImageOptions,Crop configuration bean,,,Crop configuration bean,CropImageOptions
J05146,java_chunks/ch0010_app_orchestration_strong_hits.md,CropImageView,Custom crop image view,,,Custom crop image view,CropImageView
J05150,java_chunks/ch0010_app_orchestration_strong_hits.md,ImagePicker,Image picker launcher,,,Image picker launcher,ImagePicker
J05151,java_chunks/ch0010_app_orchestration_strong_hits.md,Utils,FileProvider URI helper,,,FileProvider URI helper,Utils
J05152,java_chunks/ch0011_app_orchestration_strong_hits.md,com/qcwireless/smart/ui/base/receiver/BleCommonDataParseKt.java,documented_app_orchestration,ble_connection,BLE notification data parser; dispatches camera intent on specific byte pattern; parses firmware/HW version from characteristic reads,Constants.f/g UUID values need cross-referencing with SDK Constants class,"parseBleData checks byte[0] masked against ~Constants.m == 2 and byte[1] == 1 → triggers camera. parseDeviceInfoData compares UUID to Constants.f (FM) and Constants.g (HW), stores in UserConfig, posts events. Sets BleOperateManager.setReady(true) on HW version."
J05153,java_chunks/ch0011_app_orchestration_strong_hits.md,com/qcwireless/smart/ui/base/receiver/BluetoothReceiver.java,documented_app_orchestration,"ble_connection, steps_sport, sync_scheduler","System BroadcastReceiver for Bluetooth adapter state, ACL connect/disconnect, bond state, screen on/off, time set, user present; manages reconnection and sport-data sync",SppHandle (JieLi) vs RTK SPP branching needs deeper follow-up,"On BT ON: reconnects via DeviceReconnect.connectWithScanValidation, begins connect runnable. On ACL_CONNECTED: begins connect if not already connected. On ACL_DISCONNECTED: posts BluetoothSppEvent(false), schedules reconnect. On TIME_SET: sends SetTimeReq to device. On USER_PRESENT/SCREEN_ON: begins connect. Syncs today steps via StepDetailRepository when connected in background."
J05155,java_chunks/ch0011_app_orchestration_strong_hits.md,com/qcwireless/smart/ui/base/receiver/MyBluetoothReceiver.java,documented_protocol_touch,"battery, ble_connection, sync_scheduler","BLE callback receiver extending QCBluetoothCallbackCloneReceiver; dispatches characteristic change/read to BleCommonDataParseKt; on service discovered triggers initCmd (battery read, HW/FM read, device settings init)",SimpleKeyReq byte value 3 = battery command; needs cross-ref with SDK command IDs,"onCharacteristicChange delegates to BleCommonDataParseKt.parseBleData(data). onCharacteristicRead delegates to BleCommonDataParseKt.parseDeviceInfoData(uuid, data). onServiceDiscovered: inits LargeDataHandler, posts BluetoothEvent(true), calls initCmd(). initCmd: reads HW, sends SimpleKeyReq(3) for battery, reads FM, calls DeviceCmdInit.initDeviceSetting(). connectStatue: saves device name/address to UserConfig, sets lastTenMinSyncTime."
J05156,java_chunks/ch0011_app_orchestration_strong_hits.md,com/qcwireless/smart/ui/base/receiver/NetWorkStateReceiver.java,documented_app_orchestration,ble_connection,Network connectivity change receiver; triggers ThreadManager.wakeUp() when no network and BLE not connected,No,If no active network or only WiFi and BLE disconnected → wakes ThreadManager. Simple connectivity watchdog.
J05157,java_chunks/ch0011_app_orchestration_strong_hits.md,com/qcwireless/smart/ui/base/receiver/RebootReceiver.java,documented_app_orchestration,ble_connection,Boot receiver; sets Bluetooth turn-on flag after reboot,No,Calls BleBaseControl.getInstance().setBluetoothTurnOff(true) on boot. Ensures BLE stack knows BT is available after reboot.
J05158,java_chunks/ch0011_app_orchestration_strong_hits.md,com/qcwireless/smart/ui/base/receiver/SystemLocaleChangeReceiver.java,documented_app_orchestration,ble_connection,Locale change receiver; disconnects BLE and kills process (non-Xiaomi) or reconnects (Xiaomi),No,"Sets BT turn-on flag, disconnects BLE. For non-Xiaomi/Redmi: kills process. For Xiaomi: disconnects, reinitializes date strings."
J05162,java_chunks/ch0011_app_orchestration_strong_hits.md,com/qcwireless/smart/ui/base/repository/dao/AnlaNameDao.java,documented_storage,storage_db,Room DAO for anla_name_entity table; supports CRUD + collection status queries,No,App-internal name/collection entity; not health data. Uses coroutine return pattern.
J05163,java_chunks/ch0011_app_orchestration_strong_hits.md,com/qcwireless/smart/ui/base/repository/dao/AnlaNameDao_Impl.java,documented_storage,storage_db,Room-generated implementation of AnlaNameDao,No,Auto-generated Room impl; confirms schema but no new info beyond interface.
J05164,java_chunks/ch0011_app_orchestration_strong_hits.md,com/qcwireless/smart/ui/base/repository/dao/BaseDao.java,documented_storage,storage_db,Generic Room DAO base interface with CRUD operations,No,Foundation for all DAOs; Insert uses REPLACE strategy.
J05165,java_chunks/ch0011_app_orchestration_strong_hits.md,com/qcwireless/smart/ui/base/repository/dao/ManualBloodOxygenDao.java,documented_storage,"spo2, storage_db",Room DAO for blood_oxygen_manual table; manual SpO2 measurement CRUD + upload status tracking,No,"Schema: mac, date_str, blood_oxygen, timestamp, isUploadServer, upload_server_unit_time. LIMIT 7 for daily display. Upload status tracking with server unix time."
J05166,java_chunks/ch0011_app_orchestration_strong_hits.md,com/qcwireless/smart/ui/base/repository/dao/ManualBloodOxygenDao_Impl.java,documented_storage,"spo2, storage_db",Room-generated implementation of ManualBloodOxygenDao,No,Confirms column order and types from INSERT statement.
J05167,java_chunks/ch0011_app_orchestration_strong_hits.md,com/qcwireless/smart/ui/base/repository/dao/ManualBloodPressureDao.java,documented_storage,storage_db,Room DAO for blood_pressure_manual table; manual BP measurement CRUD,No,"Schema: mac, date_str, timestamp. No upload status columns (unlike SpO2/HR)."
J05168,java_chunks/ch0011_app_orchestration_strong_hits.md,com/qcwireless/smart/ui/base/repository/dao/ManualBloodPressureDao_Impl.java,documented_storage,storage_db,Room-generated implementation of ManualBloodPressureDao,No,Auto-generated; confirms schema.
J05169,java_chunks/ch0011_app_orchestration_strong_hits.md,com/qcwireless/smart/ui/base/repository/dao/ManualHrvDao.java,documented_storage,"hrv_regular, storage_db",Room DAO for hrv_manual table; manual HRV measurement CRUD,No,"Schema: mac, date_str, timestamp. No upload status columns. LIMIT 7 for daily display."
J05170,java_chunks/ch0011_app_orchestration_strong_hits.md,com/qcwireless/smart/ui/base/repository/dao/ManualHrvDao_Impl.java,documented_storage,"hrv_regular, storage_db",Room-generated implementation of ManualHrvDao,No,Auto-generated; confirms schema.
J05171,java_chunks/ch0011_app_orchestration_strong_hits.md,com/qcwireless/smart/ui/base/repository/dao/ManualPressureDao.java,documented_storage,storage_db,Room DAO for pressure_manual table; manual pressure/stress measurement CRUD,No,"Schema: mac, date_str, timestamp. No upload status columns."
J05172,java_chunks/ch0011_app_orchestration_strong_hits.md,com/qcwireless/smart/ui/base/repository/dao/ManualPressureDao_Impl.java,documented_storage,storage_db,Room-generated implementation of ManualPressureDao,No,Auto-generated; confirms schema.
J05173,java_chunks/ch0011_app_orchestration_strong_hits.md,com/qcwireless/smart/ui/base/repository/dao/QcAppManualHeartDao.java,documented_storage,"hr, storage_db",Room DAO for app_heart table; manual HR measurement CRUD + upload status tracking,No,"Schema: mac, date_str, timestamp, heart, isUploadServer, upload_server_unit_time. Upload status tracking. LIMIT 7 for daily display."
J05174,java_chunks/ch0011_app_orchestration_strong_hits.md,com/qcwireless/smart/ui/base/repository/dao/QcAppManualHeartDao_Impl.java,documented_storage,"hr, storage_db",Room-generated implementation of QcAppManualHeartDao,No,Confirms column order and types.
J05175,java_chunks/ch0011_app_orchestration_strong_hits.md,com/qcwireless/smart/ui/base/repository/dao/QcAppManualSugarContinuousDao.java,documented_storage,storage_db,Room DAO for app_continuous_sugar table; continuous glucose monitoring CRUD,No,"Schema: mac, date_str, hour. Hourly granularity for continuous glucose."
J05176,java_chunks/ch0011_app_orchestration_strong_hits.md,com/qcwireless/smart/ui/base/repository/dao/QcAppManualSugarContinuousDao_Impl.java,documented_storage,storage_db,Room-generated implementation of QcAppManualSugarContinuousDao,No,Auto-generated; confirms schema.
J05177,java_chunks/ch0011_app_orchestration_strong_hits.md,com/qcwireless/smart/ui/base/repository/dao/QcAppManualSugarDao.java,documented_storage,storage_db,Room DAO for app_sugar table; manual blood sugar measurement CRUD,No,"Schema: mac, date_str, timestamp. No upload status columns. LIMIT 7 for daily display."
J05178,java_chunks/ch0011_app_orchestration_strong_hits.md,com/qcwireless/smart/ui/base/repository/dao/QcAppManualSugarDao_Impl.java,documented_storage,storage_db,Room-generated implementation of QcAppManualSugarDao,No,Auto-generated; confirms schema.
J05179,java_chunks/ch0011_app_orchestration_strong_hits.md,com/qcwireless/smart/ui/base/repository/dao/QcAppManualTemperatureDao.java,documented_storage,"temperature, storage_db",Room DAO for app_temperature table; manual temperature measurement CRUD,No,"Schema: mac, date_str, timestamp. No upload status columns. LIMIT 7 for daily display."
J05180,java_chunks/ch0011_app_orchestration_strong_hits.md,com/qcwireless/smart/ui/base/repository/dao/QcAppManualTemperatureDao_Impl.java,documented_storage,"temperature, storage_db",Room-generated implementation of QcAppManualTemperatureDao,No,Auto-generated; confirms schema.
J05181,java_chunks/ch0011_app_orchestration_strong_hits.md,com/qcwireless/smart/ui/base/repository/dao/QcBloodOxygenDao.java,documented_storage,"spo2, storage_db, sync_scheduler",Room DAO for blood_oxygen table; device-synced SpO2 data CRUD + upload status tracking,No,"Schema: device_address (not mac!), date_str, unix_time, isUploadServer, upload_server_unit_time. Key difference from ManualBloodOxygenDao: uses device_address not mac, unix_time not timestamp. Has queryUploadToServer for server sync."
J05182,java_chunks/ch0011_app_orchestration_strong_hits.md,com/qcwireless/smart/ui/base/repository/dao/QcBloodOxygenDao_Impl.java,documented_storage,"spo2, storage_db, sync_scheduler",Room-generated implementation of QcBloodOxygenDao,No,Auto-generated; confirms schema.
J05183,java_chunks/ch0011_app_orchestration_strong_hits.md,com/qcwireless/smart/ui/base/repository/dao/QcBloodPressureDao.java,documented_storage,"storage_db, sync_scheduler",Room DAO for blood_pressure table; device-synced BP data CRUD + server upload queries,No,"Schema: device_address, unix_time. Uses unix_time (long) not timestamp (int). Has queryUploadToServer for server sync."
J05184,java_chunks/ch0011_app_orchestration_strong_hits.md,com/qcwireless/smart/ui/base/repository/dao/QcBloodPressureDao_Impl.java,documented_storage,"storage_db, sync_scheduler",Room-generated implementation of QcBloodPressureDao,No,Auto-generated; confirms schema.
J05185,java_chunks/ch0011_app_orchestration_strong_hits.md,com/qcwireless/smart/ui/base/repository/dao/QcBloodSugarDao.java,documented_storage,storage_db,Room DAO for blood_sugar table; device-synced blood sugar data CRUD,No,"Schema: device_address, date_str. Minimal DAO — only two custom queries."
J05186,java_chunks/ch0011_app_orchestration_strong_hits.md,com/qcwireless/smart/ui/base/repository/dao/QcBloodSugarDao_Impl.java,documented_storage,storage_db,Room-generated implementation of QcBloodSugarDao,No,Auto-generated; confirms schema.
J05187,java_chunks/ch0011_app_orchestration_strong_hits.md,com/qcwireless/smart/ui/base/repository/dao/QcContactsDao.java,documented_storage,storage_db,Room DAO for contact_entity table; contacts sync CRUD,No,Schema: mac. Simple query-all by mac.
J05188,java_chunks/ch0011_app_orchestration_strong_hits.md,com/qcwireless/smart/ui/base/repository/dao/QcContactsDao_Impl.java,documented_storage,storage_db,Room-generated implementation of QcContactsDao,No,Auto-generated; confirms schema.
J05189,java_chunks/ch0011_app_orchestration_strong_hits.md,com/qcwireless/smart/ui/base/repository/dao/QcCustomerPraiseDao.java,documented_storage,storage_db,Room DAO for customer_praise_entity table; customer praise/feedback CRUD,No,"Schema: device_address, create_time. Uses coroutine return pattern."
J05190,java_chunks/ch0011_app_orchestration_strong_hits.md,com/qcwireless/smart/ui/base/repository/dao/QcCustomerPraiseDao_Impl.java,documented_storage,storage_db,Room-generated implementation of QcCustomerPraiseDao,No,Auto-generated; confirms schema.
J05191,java_chunks/ch0012_app_orchestration_strong_hits.md,com/qcwireless/smart/ui/base/repository/dao/QcCustomFaceDao.java,documented_storage,storage_db,DAO for custom watch face images; queries by hd_version and address,no,"Table custom_face; PK (hd_version, type, address); stores image URLs for custom watch faces"
J05192,java_chunks/ch0012_app_orchestration_strong_hits.md,com/qcwireless/smart/ui/base/repository/dao/QcCustomFaceDao_Impl.java,documented_storage,storage_db,Room-generated implementation of QcCustomFaceDao,no,Auto-generated; 254 lines; confirms table custom_face schema
J05193,java_chunks/ch0012_app_orchestration_strong_hits.md,com/qcwireless/smart/ui/base/repository/dao/QcDatabase.java,documented_app_orchestration,"hr, hrv_regular, sleep, spo2, steps_sport, storage_db, sync_scheduler, temperature","**Central Room database definition** — registers all 47 entities and 35+ DAOs; DB name ""qc_database.db"", version 55",no,**KEY FILE**: @Database annotation lists all 47 entities; abstract methods expose every DAO; singleton pattern via Companion.getDatabase(); fallbackToDestructiveMigration
J05194,java_chunks/ch0012_app_orchestration_strong_hits.md,com/qcwireless/smart/ui/base/repository/dao/QcDatabase_Impl.java,documented_storage,"hr, hrv_regular, sleep, spo2, steps_sport, storage_db, sync_scheduler, temperature","Room-generated implementation — contains CREATE TABLE SQL for all 47 tables, clearAllTables(), invalidation tracker",no,**CRITICAL**: Contains full DDL for every table in qc_database.db; 1827 lines; 47 tables enumerated
J05195,java_chunks/ch0012_app_orchestration_strong_hits.md,com/qcwireless/smart/ui/base/repository/dao/QcDeviceDao.java,documented_storage,storage_db,DAO for paired device records; CRUD + image URL/time updates,no,"Table device_entity; PK (device_address); fields: device_name, fm_version, img_local_url, img_url, device_type, update_time; uses coroutine return pattern"
J05196,java_chunks/ch0012_app_orchestration_strong_hits.md,com/qcwireless/smart/ui/base/repository/dao/QcDeviceDao_Impl.java,documented_storage,storage_db,Room-generated implementation of QcDeviceDao,no,Auto-generated; 353 lines; confirms device_entity schema
J05197,java_chunks/ch0012_app_orchestration_strong_hits.md,com/qcwireless/smart/ui/base/repository/dao/QcDeviceSettingDao.java,documented_storage,storage_db,DAO for per-device settings; key-value by mac+action,no,"Table device_setting; PK (mac, setting_action); content field is TEXT blob; action-based key-value store for device preferences"
J05198,java_chunks/ch0012_app_orchestration_strong_hits.md,com/qcwireless/smart/ui/base/repository/dao/QcDeviceSettingDao_Impl.java,documented_storage,storage_db,Room-generated implementation of QcDeviceSettingDao,no,Auto-generated; 239 lines
J05199,java_chunks/ch0012_app_orchestration_strong_hits.md,com/qcwireless/smart/ui/base/repository/dao/QcEbookDao.java,excluded_low_signal,storage_db,DAO for ebook entities; simple query all / delete by name,no,"Table ebook_entity; no health data; just book_name, first_name, file_path"
J05200,java_chunks/ch0012_app_orchestration_strong_hits.md,com/qcwireless/smart/ui/base/repository/dao/QcEbookDao_Impl.java,excluded_low_signal,storage_db,Room-generated implementation of QcEbookDao,no,Auto-generated; no health relevance
J05201,java_chunks/ch0012_app_orchestration_strong_hits.md,com/qcwireless/smart/ui/base/repository/dao/QcEcgDao.java,documented_storage,"hr, storage_db, sync_scheduler","DAO for ECG records; query by device, type, unix_time; delete by device+time",no,"Table qc_ecg_entity; PK (device_address, date_str); fields: type, data_list (JSON), avg_heart, unix_time, sync, last_sync_time"
J05202,java_chunks/ch0012_app_orchestration_strong_hits.md,com/qcwireless/smart/ui/base/repository/dao/QcEcgDao_Impl.java,documented_storage,"hr, storage_db, sync_scheduler",Room-generated implementation of QcEcgDao,no,Auto-generated; 362 lines; confirms qc_ecg_entity schema
J05203,java_chunks/ch0012_app_orchestration_strong_hits.md,com/qcwireless/smart/ui/base/repository/dao/QcFeedbackDao.java,excluded_low_signal,storage_db,DAO for feedback; simple query all,no,Table feedback; no health data
J05204,java_chunks/ch0012_app_orchestration_strong_hits.md,com/qcwireless/smart/ui/base/repository/dao/QcFeedbackDao_Impl.java,excluded_low_signal,storage_db,Room-generated implementation of QcFeedbackDao,no,Auto-generated; no health relevance
J05205,java_chunks/ch0012_app_orchestration_strong_hits.md,com/qcwireless/smart/ui/base/repository/dao/QcGpsDetailDao.java,documented_storage,storage_db,"DAO for GPS track records; query by start_time, date",no,"Table gps_detail; PK (start_time); fields: duration, distance, calorie, locations (JSON), date_str, gps_type"
J05206,java_chunks/ch0012_app_orchestration_strong_hits.md,com/qcwireless/smart/ui/base/repository/dao/QcGpsDetailDao_Impl.java,documented_storage,storage_db,Room-generated implementation of QcGpsDetailDao,no,Auto-generated; confirms gps_detail schema
J05207,java_chunks/ch0012_app_orchestration_strong_hits.md,com/qcwireless/smart/ui/base/repository/dao/QcHealthyDao.java,excluded_low_signal,storage_db,"**Empty DAO interface** — no methods, no entity bound",no,Placeholder/stub; 11 lines; no actual functionality
J05208,java_chunks/ch0012_app_orchestration_strong_hits.md,com/qcwireless/smart/ui/base/repository/dao/QcHeartRateDetailDao.java,documented_storage,"hr, storage_db, sync_scheduler","DAO for continuous HR data; date-range queries, sync status, upload tracking",no,"Table heart_rate_detail; PK (device_address, date_str); fields: interval, index_str, value (JSON), unix_time, sync, last_sync_time, isUploadServer, upload_server_unit_time"
J05209,java_chunks/ch0012_app_orchestration_strong_hits.md,com/qcwireless/smart/ui/base/repository/dao/QcHeartRateDetailDao_Impl.java,documented_storage,"hr, storage_db, sync_scheduler",Room-generated implementation of QcHeartRateDetailDao,no,Auto-generated; 404 lines; confirms heart_rate_detail schema
J05210,java_chunks/ch0012_app_orchestration_strong_hits.md,com/qcwireless/smart/ui/base/repository/dao/QcHrvDetailDao.java,documented_storage,"hrv_regular, storage_db, sync_scheduler","DAO for HRV detail data; unix_time range queries, sync tracking",no,"Table hrv_detail; PK (device_address, date_str); fields: interval, index_str, value (JSON), unix_time, sync, last_sync_time; note: method named ""queryPressureByDate"" is actually HRV — naming artifact"
J05211,java_chunks/ch0012_app_orchestration_strong_hits.md,com/qcwireless/smart/ui/base/repository/dao/QcHrvDetailDao_Impl.java,documented_storage,"hrv_regular, storage_db, sync_scheduler",Room-generated implementation of QcHrvDetailDao,no,Auto-generated; 361 lines; confirms hrv_detail schema
J05212,java_chunks/ch0012_app_orchestration_strong_hits.md,com/qcwireless/smart/ui/base/repository/dao/QcManualHeartDao.java,documented_storage,"hr, storage_db","DAO for manually-triggered HR measurements; mac-based queries, upload tracking",no,"Table manual_heart_entity; PK (mac, date_str); fields: content (JSON), isUploadServer, upload_server_unit_time; distinct from continuous HR — this is spot-check data"
J05213,java_chunks/ch0012_app_orchestration_strong_hits.md,com/qcwireless/smart/ui/base/repository/dao/QcManualHeartDao_Impl.java,documented_storage,"hr, storage_db",Room-generated implementation of QcManualHeartDao,no,Auto-generated; 339 lines; confirms manual_heart_entity schema
J05214,java_chunks/ch0012_app_orchestration_strong_hits.md,com/qcwireless/smart/ui/base/repository/dao/QcMenstruationDao.java,excluded_low_signal,storage_db,DAO for menstruation tracking; year/month queries,no,Table menstruation; no direct health-sensor data; user-entered cycle data
J05215,java_chunks/ch0012_app_orchestration_strong_hits.md,com/qcwireless/smart/ui/base/repository/dao/QcMenstruationDao_Impl.java,excluded_low_signal,storage_db,Room-generated implementation of QcMenstruationDao,no,Auto-generated; no direct health-sensor relevance
J05216,java_chunks/ch0012_app_orchestration_strong_hits.md,com/qcwireless/smart/ui/base/repository/dao/QcMessagePushDao.java,excluded_low_signal,storage_db,DAO for notification push settings; package_name based,no,Table message_push; no health data; notification preferences
J05217,java_chunks/ch0012_app_orchestration_strong_hits.md,com/qcwireless/smart/ui/base/repository/dao/QcMessagePushDao_Impl.java,excluded_low_signal,storage_db,Room-generated implementation of QcMessagePushDao,no,Auto-generated; no health relevance
J05218,java_chunks/ch0012_app_orchestration_strong_hits.md,com/qcwireless/smart/ui/base/repository/dao/QcMusicManagerDao.java,excluded_low_signal,storage_db,DAO for music-to-device file management; playlist/song-menu queries,no,Table music_to_device; no health data; music file management
J05219,java_chunks/ch0012_app_orchestration_strong_hits.md,com/qcwireless/smart/ui/base/repository/dao/QcMusicManagerDao_Impl.java,excluded_low_signal,storage_db,Room-generated implementation of QcMusicManagerDao,no,Auto-generated; 474 lines; no health relevance
J05220,java_chunks/ch0012_app_orchestration_strong_hits.md,com/qcwireless/smart/ui/base/repository/dao/QcMusicMenuDao.java,excluded_low_signal,storage_db,DAO for song menu/playlists on device,no,Table song_menu; no health data
J05221,java_chunks/ch0012_app_orchestration_strong_hits.md,com/qcwireless/smart/ui/base/repository/dao/QcMusicMenuDao_Impl.java,excluded_low_signal,storage_db,Room-generated implementation of QcMusicMenuDao,no,Auto-generated; no health relevance
J05222,java_chunks/ch0012_app_orchestration_strong_hits.md,com/qcwireless/smart/ui/base/repository/dao/QcMuslimDetailDao.java,documented_storage,"storage_db, sync_scheduler",DAO for Muslim prayer detail (prayer count tracking per time-slot); sync-aware,no,"Table muslim_detail; PK (device_address, date_str); fields: interval, index_str, counts (CSV), unix_time, sync, last_sync_time; ""pressure"" naming is artifact — this is prayer count data"
J05223,java_chunks/ch0012_app_orchestration_strong_hits.md,com/qcwireless/smart/ui/base/repository/dao/QcMuslimDetailDao_Impl.java,documented_storage,"storage_db, sync_scheduler",Room-generated implementation of QcMuslimDetailDao,no,Auto-generated; 426 lines; confirms muslim_detail schema
J05224,java_chunks/ch0012_app_orchestration_strong_hits.md,com/qcwireless/smart/ui/base/repository/dao/QcMuslimTotalDao.java,documented_storage,storage_db,DAO for Muslim prayer totals per day,no,"Table muslim_total; PK (device_address, date_str); fields: count, unix_time; ""pressure"" and ""step"" naming are artifacts"
J05225,java_chunks/ch0012_app_orchestration_strong_hits.md,com/qcwireless/smart/ui/base/repository/dao/QcMuslimTotalDao_Impl.java,documented_storage,storage_db,Room-generated implementation of QcMuslimTotalDao,no,Auto-generated; 316 lines; confirms muslim_total schema
J05359,java_chunks/ch0015_app_orchestration_strong_hits.md,com/qcwireless/smart/ui/base/repository/entity/SleepDetail.java,documented_storage,"sleep, sync_scheduler","Room entity for per-night sleep detail; PK (device_address, date_str)",no,"Table sleep_detail; interval field misspelled as ""intervar""; quality is JSON string; index_str is sleep-stage index array"
J05360,java_chunks/ch0015_app_orchestration_strong_hits.md,com/qcwireless/smart/ui/base/repository/entity/SleepLunchProtocol.java,documented_storage,"sleep, storage_db, sync_scheduler","Room entity for lunch-nap sleep protocol; PK (device_address, date_str); has upload tracking",no,Table sleep_lunch_protocol; lunchSt/lunchEt = lunch nap start/end; dataEquals() compares only data fields; updateFromDatabase() syncs upload status from existing DB row
J05361,java_chunks/ch0015_app_orchestration_strong_hits.md,com/qcwireless/smart/ui/base/repository/entity/SleepNewProtocol.java,documented_storage,"sleep, storage_db, sync_scheduler","Room entity for new sleep protocol; PK (device_address, date_str); has upload tracking",no,Table sleep_new_protocol; st/et = sleep start/end; mirrors SleepLunchProtocol but without lunch-specific fields; updateFromDatabase() pattern identical to SleepLunchProtocol
J05362,java_chunks/ch0015_app_orchestration_strong_hits.md,com/qcwireless/smart/ui/base/repository/entity/SleepTotalHistory.java,documented_spO2_cross_domain,"hr, hrv_regular, sleep, spo2","Room entity for daily sleep summary; PK (device_address, date_str); **includes avgBloodOxygen**",no,Table sleep_total; **KEY SpO2 CROSS-DOMAIN**: avgBloodOxygen stored alongside avgHeart and avgHrv in sleep summary — sleep session provides averaged SpO2 reading; rapidSleep = REM sleep
J05364,java_chunks/ch0015_app_orchestration_strong_hits.md,com/qcwireless/smart/ui/base/repository/entity/SportPlusDetail.java,documented_storage,"steps_sport, sync_scheduler","Room entity for sport/exercise session records; PK (device_address, start_time, sport_type)",no,Table sport_plus_detail; rateValue is JSON string of HR samples during exercise; avgRate is average HR; sportType is int enum
J05365,java_chunks/ch0015_app_orchestration_strong_hits.md,com/qcwireless/smart/ui/base/repository/entity/StepDetail.java,documented_storage,sync_scheduler,"Room entity for per-day step detail; PK (device_address, date_str)",no,Table step_detail; counts/miles/calories are JSON strings; intervar = interval in minutes; totalActiveTime = active minutes
J05366,java_chunks/ch0015_app_orchestration_strong_hits.md,com/qcwireless/smart/ui/base/repository/entity/StepTotal.java,documented_storage,storage_db,"Room entity for daily step totals; PK (device_address, date_str); has upload tracking",no,"Table step_total; ""carolie"" is misspelling of ""calorie""; dataEquals() compares step/distance/calore only; updateFromDatabase() syncs upload status"
J05367,java_chunks/ch0015_app_orchestration_strong_hits.md,com/qcwireless/smart/ui/base/repository/entity/SyncDataEntity.java,documented_sync,sync_scheduler,"Room entity for sync watermark tracking; PK (uid, data_action)",no,"Table sync_entity; action is a string key (e.g. ""blood_oxygen""); lastSyncTime is the server-side watermark for incremental sync; minimal entity (44 lines)"
J05368,java_chunks/ch0015_app_orchestration_strong_hits.md,com/qcwireless/smart/ui/base/repository/entity/TargetEntity.java,documented_storage,"bigdata, sleep, steps_sport",Room entity for user goals/targets; PK (device_address),no,"Table target_entity; defaults: 10000 steps, 200 cal, 5km, 1.5hr sport, 8hr sleep; sleepStart=1320 (22:00), sleepEnd=540 (09:00), sleepDuration=660 (11hr)"
J05369,java_chunks/ch0015_app_orchestration_strong_hits.md,com/qcwireless/smart/ui/base/repository/entity/UserEntity.java,documented_storage,"sleep, steps_sport",Room entity for user profile; PK (uid),no,"Table user; title field is actually uid (JADX rename artifact); getAge() computed from birthday; default gender=1 (male), weight=60kg, height=175cm; goal fields duplicated from TargetEntity"
J05373,java_chunks/ch0015_app_orchestration_strong_hits.md,com/qcwireless/smart/ui/base/repository/healthy/BloodOxygenRepository$downBoFromServer$2.java,documented_spO2_sync,"spo2, sync_scheduler",**SuspendLambda** — Flow builder for SpO2 download from server; captures $uid and $lastSyncId,no,Inner class AnonymousClass1 emits NetState<List<Spo2DownResp>>; this is the flow producer that calls the server API; $2 = flow {} builder
J05374,java_chunks/ch0015_app_orchestration_strong_hits.md,com/qcwireless/smart/ui/base/repository/healthy/BloodOxygenRepository$downBoFromServer$3.java,documented_spO2_sync,spo2,**SuspendLambda** — onStart handler for SpO2 download flow; emits loading state,no,Emits NetState.loading() before the actual API call; $3 = onStart {} block
J05375,java_chunks/ch0015_app_orchestration_strong_hits.md,com/qcwireless/smart/ui/base/repository/healthy/BloodOxygenRepository$downBoFromServer$4.java,documented_spO2_sync,spo2,**SuspendLambda** — catch handler for SpO2 download flow; error recovery,no,Emits NetState with error code on failure; $4 = catch {} block
J05376,java_chunks/ch0015_app_orchestration_strong_hits.md,com/qcwireless/smart/ui/base/repository/healthy/BloodOxygenRepository$updateBloodOxygenDetailToServer$2.java,documented_spO2_sync,spo2,**SuspendLambda** — Flow builder for SpO2 upload to server; reads un-uploaded records from DAO,no,"Inner class reads DAO for un-uploaded records, maps to upload request; $2 = flow {} builder"
J05377,java_chunks/ch0015_app_orchestration_strong_hits.md,com/qcwireless/smart/ui/base/repository/healthy/BloodOxygenRepository$updateBloodOxygenDetailToServer$3.java,documented_spO2_sync,spo2,**SuspendLambda** — onStart handler for SpO2 upload flow,no,Emits loading state; $3 = onStart {} block
J05378,java_chunks/ch0015_app_orchestration_strong_hits.md,com/qcwireless/smart/ui/base/repository/healthy/BloodOxygenRepository$updateBloodOxygenDetailToServer$4.java,documented_spO2_sync,spo2,**SuspendLambda** — catch handler for SpO2 upload flow,no,Error recovery; $4 = catch {} block
J05379,java_chunks/ch0015_app_orchestration_strong_hits.md,com/qcwireless/smart/ui/base/repository/healthy/BloodOxygenRepository.java,**documented_spO2_core**,"bigdata, spo2, storage_db, sync_scheduler","**PRIMARY SpO2 REPOSITORY** — singleton; manages continuous + manual SpO2 data; BLE sync, server upload/download, chart queries",no,"**CRITICAL FILE**: 510 lines; two DAOs (continuous + manual); syncAutoBloodOxygen uses LargeDataHandler.syncBloodOxygen(offset, callback); BLE packet: cmd=42, 49-byte records, day_offset at byte[0], even bytes=maxArray, odd bytes=minArray; BloodOxygenEntity constructor: (deviceAddress, dateStr, maxArray_json, minArray_json, zeroTime, isFromServer, unixTime, sync, uploadCount, 384, null) — 384 is likely a constant/version code"
J05380,java_chunks/ch0015_app_orchestration_strong_hits.md,com/qcwireless/smart/ui/base/repository/healthy/BloodPressureRepository$downBpFromServer$2.java,documented_sync,sync_scheduler,SuspendLambda — Flow builder for BP download from server; captures $uid and $lastSyncId,no,Mirror of SpO2 download pattern but for blood pressure; $2 = flow {} builder
J05383,java_chunks/ch0015_app_orchestration_strong_hits.md,com/qcwireless/smart/ui/base/repository/healthy/BloodPressureRepository$syncAutoBp$1$1.java,documented_ble,"ble_connection, storage_db, sync_scheduler",SuspendLambda — Coroutine for auto BP sync from BLE device; processes BpDataRsp,no,Processes BpDataRsp from BLE; uses CalcBloodPressureByHeart for BP estimation; GattError imported for error handling; stores BloodPressureEntity via DAO
J05387,java_chunks/ch0015_app_orchestration_strong_hits.md,com/qcwireless/smart/ui/base/repository/healthy/BloodPressureRepository.java,documented_ble,"storage_db, sync_scheduler, uart_small_data","**BP Repository** — singleton; manages continuous + manual BP data; BLE command-based sync (UART), server sync",no,"421 lines; BP uses UART small-data commands (not LargeDataHandler like SpO2); command-based protocol with BpReadConformReq, ReadPressureReq, SimpleKeyReq; three distinct BLE command IDs"
J05388,java_chunks/ch0015_app_orchestration_strong_hits.md,com/qcwireless/smart/ui/base/repository/healthy/BloodSugarRepository.java,documented_storage,"bigdata, storage_db, sync_scheduler",**Blood Sugar Repository** — singleton; manages continuous + app-manual + continuous-app sugar data; three DAOs,no,"418 lines; **three measurement modes**: (1) continuous/device-auto via LargeDataHandler, (2) app-manual spot-check, (3) app-continuous; mirrors SpO2 pattern but with additional app-initiated modes"
J05389,java_chunks/ch0015_app_orchestration_strong_hits.md,com/qcwireless/smart/ui/base/repository/healthy/EcgRepository.java,documented_storage,storage_db,**ECG Repository** — singleton; simple CRUD for ECG records,no,"79 lines; minimal repository — no BLE sync, no server upload; query-only + delete; type field distinguishes ECG measurement types"
J05390,java_chunks/ch0015_app_orchestration_strong_hits.md,com/qcwireless/smart/ui/base/repository/healthy/HealthyRepository$aiChatGPT$2.java,documented_ai,"bigdata, spo2",SuspendLambda — Flow builder for AI chat (GPT) integration; captures $uid and $messages,no,"AI health chat feature; streams token responses; 4 debug labels (94, 94, 96, 100 line numbers in HealthyRepository.kt); spo2 tag likely due to co-location"
J05393,java_chunks/ch0015_app_orchestration_strong_hits.md,com/qcwireless/smart/ui/base/repository/healthy/HealthyRepository$getFirmwareInfo$2.java,documented_storage,storage_db,"SuspendLambda — Flow builder for firmware info; queries DeviceSettingEntity by mac + ""com.qcwxkjvip.DFUInfo""",no,"Queries device_setting table with action=""com.qcwxkjvip.DFUInfo""; 36-line source"
J05395,java_chunks/ch0015_app_orchestration_strong_hits.md,com/qcwireless/smart/ui/base/repository/healthy/HealthyRepository$getFirmwareInfo$5.java,documented_storage,storage_db,"SuspendLambda — catch handler for firmware info flow; on error, inserts default DFUInformationBean",no,"On error: inserts DeviceSettingEntity(mac, ""com.qcwxkjvip.DFUInfo"", toJson(default DFUInformationBean)) then emits empty DFUInformationBean; fallback pattern"
J05396,java_chunks/ch0015_app_orchestration_strong_hits.md,com/qcwireless/smart/ui/base/repository/healthy/HealthyRepository$getLocalWatchFaceVersion$2.java,documented_storage,storage_db,"SuspendLambda — Flow builder for watch face version; queries DeviceSettingEntity by mac + ""com.qcwxkjvip.WatchFaceMarketVersion""",no,"Queries device_setting table with action=""com.qcwxkjvip.WatchFaceMarketVersion""; mirrors getFirmwareInfo$2 pattern"
J05398,java_chunks/ch0015_app_orchestration_strong_hits.md,com/qcwireless/smart/ui/base/repository/healthy/HealthyRepository$getLocalWatchFaceVersion$5.java,documented_storage,storage_db,"SuspendLambda — catch handler for watch face version flow; on error, inserts default with hwVersion + ""0""",no,"On error: inserts DeviceSettingEntity(mac, ""com.qcwxkjvip.WatchFaceMarketVersion"", toJson(WatchFaceVersionBean(hwVersion, ""0""))); fallback pattern identical to getFirmwareInfo$5"
J05402,java_chunks/ch0015_app_orchestration_strong_hits.md,com/qcwireless/smart/ui/base/repository/healthy/HealthyRepository.java,documented_app_orchestration,storage_db,"**Healthy Repository** — singleton; device settings, firmware info, watch face version, AI chat",no,352 lines; **not a health-data repository** despite name — manages device settings and AI chat; firmware/watchface use DeviceSettingEntity as key-value store with action strings as keys
J05403,java_chunks/ch0015_app_orchestration_strong_hits.md,com/qcwireless/smart/ui/base/repository/healthy/HeartRateDetailRepository$downHeartRateDetailFromServer$2.java,documented_sync,"hr, sync_scheduler",SuspendLambda — Flow builder for HR detail download from server; captures $uid and $lastSyncId,no,Mirror of SpO2 download pattern but for HR; $2 = flow {} builder
J05404,java_chunks/ch0015_app_orchestration_strong_hits.md,com/qcwireless/smart/ui/base/repository/healthy/HeartRateDetailRepository$downHeartRateDetailFromServer$3.java,documented_sync,hr,SuspendLambda — onStart handler for HR download flow,no,Emits loading state; $3 = onStart {} block
J05405,java_chunks/ch0015_app_orchestration_strong_hits.md,com/qcwireless/smart/ui/base/repository/healthy/HeartRateDetailRepository$downHeartRateDetailFromServer$4.java,documented_sync,hr,SuspendLambda — catch handler for HR download flow,no,Error recovery; $4 = catch {} block
J05406,java_chunks/ch0015_app_orchestration_strong_hits.md,com/qcwireless/smart/ui/base/repository/healthy/HeartRateDetailRepository$syncHistoryHeartDetail$2.java,documented_sync,"hr, storage_db, sync_scheduler","SuspendLambda — Flow builder for HR history sync; reads from QcHeartRateDetailDao, groups by date",no,"Reads unsynced HR data from DAO, groups by date into Map<String, Integer>; uses ConcurrentHashMap for thread safety; 420-line source ref"
J05407,java_chunks/ch0015_app_orchestration_strong_hits.md,com/qcwireless/smart/ui/base/repository/healthy/HeartRateDetailRepository$syncHistoryHeartDetail$3.java,documented_sync,"hr, sync_scheduler",SuspendLambda — onStart handler for HR history sync flow,no,Emits loading state; $3 = onStart {} block
J05408,java_chunks/ch0015_app_orchestration_strong_hits.md,com/qcwireless/smart/ui/base/repository/healthy/HeartRateDetailRepository$syncHistoryHeartDetailNew$2.java,documented_sync,"hr, storage_db, sync_scheduler","SuspendLambda — Flow builder for ""new"" HR history sync; reads from QcHeartRateDetailDao",no,"Variant of syncHistoryHeartDetail$2; ""New"" variant likely uses different grouping or date range logic; same DAO access pattern"
J05409,java_chunks/ch0015_app_orchestration_strong_hits.md,com/qcwireless/smart/ui/base/repository/healthy/HeartRateDetailRepository$syncHistoryHeartDetailNew$3.java,documented_sync,"hr, sync_scheduler","SuspendLambda — onStart handler for ""new"" HR history sync flow",no,Emits loading state; $3 = onStart {} block
J05410,java_chunks/ch0016_app_orchestration_strong_hits.md,…/HeartRateDetailRepository$updateHeartRateDetailToServer$2.java,reviewed,"hr, storage_db, sync_scheduler","SuspendLambda for updateHeartRateDetailToServer flow builder: queries un-uploaded HR details, emits loading NetState, marks synced, re-inserts",low,"Inner class $2$1 iterates notUpList, sets sync=true, re-inserts; $2$2 emits error NetState with errorCode. invokeSuspend body is decompile-skipped (259 instructions)."
J05411,java_chunks/ch0016_app_orchestration_strong_hits.md,…/HeartRateDetailRepository$updateHeartRateDetailToServer$3.java,reviewed,hr,"SuspendLambda for onStart of upload flow: emits NetState(loading=true, code=1) then NetState(error=true, code=-10002)",low,"Pure flow starter; emits loading then error state. Error code -10002 likely = ""no data to upload""."
J05412,java_chunks/ch0016_app_orchestration_strong_hits.md,…/HeartRateDetailRepository$updateHeartRateDetailToServer$4.java,reviewed,hr,"SuspendLambda for catch of upload flow: on exception, prints stack trace, emits NetState(error=true, code=-11111)",low,Generic error handler; -11111 = catch-all network error.
J05413,java_chunks/ch0016_app_orchestration_strong_hits.md,…/HeartRateDetailRepository.java,**deep-read**,"bigdata, ble_connection, hr, storage_db, sync_scheduler, uart_small_data","**Central HR repository singleton.** Manages interval HR (BigData), manual HR (BigData), today HR sync, history sync, server upload/download, calendar markers, app-manual HR","**high** — BigData protocol details, DeviceFunctionSupport flag logic, LargeDataHandler internals","**Key BLE flow:** syncTodayHeartRate checks DeviceFunctionSupport.supportRealTimeHr — if true, uses LargeDataHandler.syncIntervalHeartRateWithCallback(0, callback) (BigData protocol); if false, uses CommandHandle.executeReqCmd(ReadHeartRateReq, callback) (UART small data). **Lock:** syncHeartLock boolean with 5-second handler timeout. **History:** syncHistoryHeartDetail populates historyDate ConcurrentHashMap, iterates days sequentially. **New protocol:** syncHistoryHeartDetailNew uses LargeDataHandler.syncIntervalHeartRateWithCallback(daysBetween, callback). **Manual HR:** syncManualHeartRate(offset, listener) → LargeDataHandler.syncManualHeartRateList; offset=255 if yesterday missing, 0 otherwise. **Upload:** updateHeartRateDetailToServer → flow pipeline with catch. **Download:** downHeartRateDetailFromServer → flow pipeline parsing HeartRateResp list."
J05414,java_chunks/ch0016_app_orchestration_strong_hits.md,…/HRVRepository$syncHistoryHrvDetail$2.java,reviewed,"hrv_regular, storage_db, sync_scheduler","SuspendLambda for syncHistoryHrvDetail flow builder: populates historyDate with 6 days (i=1..6, day offset), queries queryDaysSyncDate to prune already-synced days, emits map",low,"Syncs 6 days of HRV history. Prunes days where lastSyncTime is today. Logs ""sync hrv date""."
J05415,java_chunks/ch0016_app_orchestration_strong_hits.md,…/HRVRepository$syncHistoryHrvDetail$3.java,reviewed,"hrv_regular, sync_scheduler","SuspendLambda for catch of HRV sync flow: on error, re-populates historyDate with 6 days (fallback), emits map",low,"Error recovery: rebuilds the 6-day map and re-emits, allowing retry."
J05416,java_chunks/ch0016_app_orchestration_strong_hits.md,…/HRVRepository.java,**deep-read**,"ble_connection, hr, hrv_regular, storage_db, sync_scheduler, uart_small_data","**Central HRV repository singleton.** Manages HRV detail sync (today + history), manual HRV, calendar markers, local queries","**medium** — confirm HRVReq command byte mapping, verify no BigData alternative exists",**Key BLE flow:** syncTodayHrv → HRVReq((byte)0) via CommandHandle. syncHistoryHrvDetail → 6-day sequential sync via HRVReq((byte)offset). **Naming quirk:** methods named savePressure/savePressureToday/calendarPressure/saveManualPressure — these are actually HRV operations (the class was likely copy-pasted from PressureRepository). **No BigData path** — HRV uses only UART small data commands. **Manual HRV** posts ManualRefreshEvent via EventBus.
J05420,java_chunks/ch0016_app_orchestration_strong_hits.md,…/MenstruationRepository$getMenstruationSetting$2.java,reviewed,storage_db,"SuspendLambda for getMenstruationSetting flow: queries QcDeviceSettingDao, emits result",low,Settings-based flow; no BLE.
J05422,java_chunks/ch0016_app_orchestration_strong_hits.md,…/MenstruationRepository$getMenstruationSetting$5.java,reviewed,storage_db,SuspendLambda for catch of menstruation setting flow: error handler,low,Error recovery for settings query.
J05423,java_chunks/ch0016_app_orchestration_strong_hits.md,…/MenstruationRepository.java,reviewed,storage_db,"**Menstruation repository singleton.** Manages period data CRUD, settings via QcDeviceSettingDao, calendar view data",low,**No BLE commands.** Purely local DB + settings. Settings stored as JSON via QcDeviceSettingDao.queryByMacAndAction(). addViewData deletes entries where startTime==endTime.
J05424,java_chunks/ch0016_app_orchestration_strong_hits.md,…/MuslimRepository$syncHistoryMuslimDetail$2.java,reviewed,"storage_db, sync_scheduler","SuspendLambda for syncHistoryMuslimDetail flow: populates 6-day historyDate map, prunes synced days, emits",low,Same 6-day pattern as HRV/Pressure.
J05425,java_chunks/ch0016_app_orchestration_strong_hits.md,…/MuslimRepository$syncHistoryMuslimDetail$3.java,reviewed,sync_scheduler,"SuspendLambda for catch of Muslim sync flow: error recovery, re-populates 6-day map",low,Same error recovery pattern.
J05426,java_chunks/ch0016_app_orchestration_strong_hits.md,…/MuslimRepository.java,**deep-read**,"ble_connection, hr, storage_db, sync_scheduler, uart_small_data","**Muslim (prayer) repository singleton.** Manages prayer count sync via BLE, local detail/total DAOs, calendar markers, month/week history","**medium** — confirm MuslimReq byte mapping, prayer count encoding",**Key BLE flow:** syncTodayMuslim → MuslimReq((byte)0). syncHistoryMuslimDetail → 6-day sequential sync. **Naming quirk:** methods named syncPressureDetail/saveMuslim/calendarPressure — copy-paste from PressureRepository. **Data format:** MuslimRsp.getPressureArray() returns byte pairs → ByteUtil.bytesToInt for 2-byte prayer counts. **Dual DAO:** QcMuslimDetailDao (interval data) + QcMuslimTotalDao (daily totals). **Calendar check:** excludes all-zero counts string.
J05427,java_chunks/ch0016_app_orchestration_strong_hits.md,…/MuslimV2Repository.java,reviewed,storage_db,"**Muslim V2 repository singleton.** Manages Quran collections, worship times, Anla names, customer praise — all local DB, no BLE",low,"**No BLE commands.** Purely local Room DB CRUD. V2 = expanded Muslim feature set (Quran, worship times, praise)."
J05428,java_chunks/ch0016_app_orchestration_strong_hits.md,…/OneKeyCheckRepository$getLastOneKeyCheck$2.java,reviewed,storage_db,"SuspendLambda for getLastOneKeyCheck flow: queries QcDeviceSettingDao by mac+action, emits DeviceSettingEntity",low,"Settings-based query; action key = ""com.qcwxkjvip.lastOneKeyCheck""."
J05430,java_chunks/ch0016_app_orchestration_strong_hits.md,…/OneKeyCheckRepository$getLastOneKeyCheck$5.java,reviewed,storage_db,"SuspendLambda for catch of OneKeyCheck flow: error handler, re-queries settings",low,Error recovery for settings query.
J05431,java_chunks/ch0016_app_orchestration_strong_hits.md,…/OneKeyCheckRepository.java,reviewed,"bigdata, sleep, storage_db",**OneKeyCheck repository singleton.** Retrieves last one-key health check result from device settings; no BLE commands,**medium** — find where OneKeyCheck BLE measurement is triggered (likely in a ViewModel or UseCase),"**No BLE commands.** Reads last check result from QcDeviceSettingDao.queryByMacAndAction(mac, ""com.qcwxkjvip.lastOneKeyCheck""). Uses Moshi to deserialize LastOneKeyBean. The bigdata and sleep domain tags in ledger suggest OneKeyCheck triggers multi-measurement (HR, SpO2, sleep) — but the repository itself only stores/retrieves the result."
J05432,java_chunks/ch0016_app_orchestration_strong_hits.md,…/PressureRepository$syncHistoryPressureDetail$2.java,reviewed,"storage_db, sync_scheduler","SuspendLambda for syncHistoryPressureDetail flow: populates 6-day historyDate map, prunes synced days, emits",low,Same 6-day pattern.
J05433,java_chunks/ch0016_app_orchestration_strong_hits.md,…/PressureRepository$syncHistoryPressureDetail$3.java,reviewed,sync_scheduler,"SuspendLambda for catch of Pressure sync flow: error recovery, re-populates 6-day map",low,Same error recovery pattern.
J05434,java_chunks/ch0016_app_orchestration_strong_hits.md,…/PressureRepository.java,**deep-read**,"ble_connection, hr, storage_db, sync_scheduler, uart_small_data","**Pressure repository singleton.** Manages blood pressure detail sync via BLE, manual pressure, calendar markers, month/week history","**medium** — confirm PressureReq byte mapping, verify pressure value encoding",**Key BLE flow:** syncTodayPressure → PressureReq((byte)0). syncHistoryPressureDetail → 6-day sequential sync. **Data format:** PressureRsp.getPressureArray() → single-byte values (unlike Muslim's 2-byte pairs). **Manual pressure** posts ManualRefreshEvent via EventBus. **Month/week history** computes average pressure per day.
J05435,java_chunks/ch0016_app_orchestration_strong_hits.md,…/SleepDetailRepository$downSleepDetailFromServer$2.java,reviewed,"sleep, sync_scheduler",SuspendLambda for downSleepDetailFromServer flow: downloads sleep data from server API,low,Server download flow for sleep.
J05436,java_chunks/ch0016_app_orchestration_strong_hits.md,…/SleepDetailRepository$downSleepDetailFromServer$3.java,reviewed,sleep,SuspendLambda for onStart of sleep download flow,low,Loading state emitter.
J05437,java_chunks/ch0016_app_orchestration_strong_hits.md,…/SleepDetailRepository$downSleepDetailFromServer$4.java,reviewed,sleep,SuspendLambda for catch of sleep download flow,low,Error handler.
J05438,java_chunks/ch0016_app_orchestration_strong_hits.md,…/SleepDetailRepository$downSleepDetailNewProtocolFromServer$2.java,reviewed,"ble_connection, sleep, sync_scheduler","SuspendLambda for downSleepDetailNewProtocolFromServer flow: downloads new-protocol sleep from server, uses BluetoothClassCompat",low,New-protocol variant of server download. BluetoothClassCompat suggests RealSil SDK involvement.
J05439,java_chunks/ch0016_app_orchestration_strong_hits.md,…/SleepDetailRepository$downSleepDetailNewProtocolFromServer$3.java,reviewed,sleep,SuspendLambda for onStart of new-protocol sleep download,low,Loading state emitter.
J05440,java_chunks/ch0016_app_orchestration_strong_hits.md,…/SleepDetailRepository$downSleepDetailNewProtocolFromServer$4.java,reviewed,sleep,SuspendLambda for catch of new-protocol sleep download,low,Error handler.
J05441,java_chunks/ch0016_app_orchestration_strong_hits.md,…/SleepDetailRepository$syncSleepDetail$2.java,reviewed,"sleep, storage_db, sync_scheduler","SuspendLambda for syncSleepDetail flow: populates historyDate map for sleep sync, emits",low,Sleep history sync flow builder.
J05442,java_chunks/ch0016_app_orchestration_strong_hits.md,…/SleepDetailRepository$syncSleepDetail$3.java,reviewed,"sleep, sync_scheduler",SuspendLambda for catch of sleep sync flow: error recovery,low,Error recovery.
J05443,java_chunks/ch0016_app_orchestration_strong_hits.md,…/SleepDetailRepository$updateSleepDetailToServer$2.java,reviewed,"sleep, storage_db, sync_scheduler","SuspendLambda for updateSleepDetailToServer flow: queries un-uploaded sleep, marks synced, re-inserts",low,Upload flow for sleep detail.
J05444,java_chunks/ch0016_app_orchestration_strong_hits.md,…/SleepDetailRepository$updateSleepDetailToServer$3.java,reviewed,sleep,SuspendLambda for onStart of sleep upload flow,low,Loading state emitter.
J05445,java_chunks/ch0016_app_orchestration_strong_hits.md,…/SleepDetailRepository$updateSleepDetailToServer$4.java,reviewed,sleep,SuspendLambda for catch of sleep upload flow,low,Error handler.
J05446,java_chunks/ch0016_app_orchestration_strong_hits.md,…/SleepDetailRepository$updateSleepDetailToServerNewProtocol$2.java,reviewed,"sleep, storage_db, sync_scheduler","SuspendLambda for updateSleepDetailToServerNewProtocol flow: queries un-uploaded new-protocol sleep, marks synced",**medium** — map these command IDs to protocol fields,**Multiple command IDs** suggest new-protocol sleep has richer data structure.
J05447,java_chunks/ch0016_app_orchestration_strong_hits.md,…/SleepDetailRepository$updateSleepDetailToServerNewProtocol$3.java,reviewed,sleep,SuspendLambda for onStart of new-protocol sleep upload,low,Loading state emitter.
J05448,java_chunks/ch0016_app_orchestration_strong_hits.md,…/SleepDetailRepository$updateSleepDetailToServerNewProtocol$4.java,reviewed,sleep,SuspendLambda for catch of new-protocol sleep upload,low,Error handler.
J05449,java_chunks/ch0016_app_orchestration_strong_hits.md,…/SleepDetailRepository.java,**deep-read**,"bigdata, ble_connection, hr, hrv_regular, sleep, spo2, storage_db, sync_scheduler, uart_small_data","**Central Sleep repository singleton.** Largest file (96KB, 1480 lines). Manages sleep detail sync (old + new protocol), manual sleep, BigData sleep, server upload/download, lunch nap, calendar markers, cross-references HR/HRV/SpO2","**high** — map new-protocol command IDs, trace BigData sleep flow, understand HR/HRV/SpO2 cross-references","**Most complex repository.** Dual-protocol: old (ReadSleepDetailsReq/Rsp) + new (SleepNewProtoResp, QcSleepNewProtocolDao). **BigData path:** LargeDataHandler for sleep. **Cross-domain:** references HR, HRV, BloodOxygen/Oxygen/SpO2 data in queries. **Lunch nap:** separate DAO QcSleepLunchProtocolDao. **historyDate** is LinkedHashMap (not ConcurrentHashMap) — sleep days may need ordering. **New protocol command IDs:** 0x00b3, 0x00b9, 0x0175, 0x0189, 0x018b, 0x018c — suggest RealSil SDK extended protocol."
J05536,java_chunks/ch0018_app_orchestration_strong_hits.md,com/qcwireless/smart/ui/base/repository/watchface/WatchFaceRepository$getCustomizeParamsFromLocalByType$2.java,excluded_low_signal,storage_db,Coroutine lambda: queries QcCustomFaceDao for local custom face params by type,no,Pure DB read flow collector; no BLE/protocol touch
J05542,java_chunks/ch0018_app_orchestration_strong_hits.md,com/qcwireless/smart/ui/base/repository/watchface/WatchFaceRepository$getWatchFaceFromServer$2.java,documented_app_orchestration,storage_db,"Coroutine lambda: fetches watch faces from server, stores in QcWatchFaceDao",no,Server→local DB sync for watch faces; no BLE touch
J05548,java_chunks/ch0018_app_orchestration_strong_hits.md,com/qcwireless/smart/ui/base/repository/watchface/WatchFaceRepository$getWatchFaceSetting$2.java,excluded_low_signal,storage_db,Coroutine lambda: reads DeviceSettingEntity from QcDeviceSettingDao by mac,no,Pure DB read; no protocol
J05550,java_chunks/ch0018_app_orchestration_strong_hits.md,com/qcwireless/smart/ui/base/repository/watchface/WatchFaceRepository$getWatchFaceSetting$5.java,excluded_low_signal,storage_db,Coroutine lambda: error handler for getWatchFaceSetting flow; writes default DiyWatchFaceSettingBean,no,Error-path DB write; no protocol
J05551,java_chunks/ch0018_app_orchestration_strong_hits.md,com/qcwireless/smart/ui/base/repository/watchface/WatchFaceRepository.java,documented_app_orchestration,"battery, storage_db","Central watchface repository: server fetch, local DB, download, push to device",no,Orchestrates watchface lifecycle: server→DB→device push; references battery for power-state gating
J05553,java_chunks/ch0018_app_orchestration_strong_hits.md,com/qcwireless/smart/ui/base/repository/weather/WeatherRepository$getWeatherFromServer$2.java,documented_app_orchestration,"bigdata, hr","Coroutine lambda: fetches weather from server via WeatherRequest, emits NetState<WeatherResp>",no,Server weather fetch; no BLE touch; hr domain hit is incidental (constant 40)
J05560,java_chunks/ch0018_app_orchestration_strong_hits.md,com/qcwireless/smart/ui/base/repository/ws/WebsocketRepository$getCsSupport$2.java,excluded_low_signal,"bigdata, spo2","Coroutine lambda: fetches CS support status via websocket, emits NetState<SupportCsResp>",no,SpO2 domain hit is incidental (constant 95); pure websocket server call
J05563,java_chunks/ch0018_app_orchestration_strong_hits.md,com/qcwireless/smart/ui/base/repository/ws/WebsocketRepository$getDeleteMessage$2.java,excluded_low_signal,"bigdata, sleep","Coroutine lambda: deletes a websocket message, emits NetState<Integer>",no,Sleep domain hit is incidental (constant 60/62); pure websocket server call
J05574,java_chunks/ch0018_app_orchestration_strong_hits.md,com/qcwireless/smart/ui/base/service/NetService$downBoList$1.java,documented_app_orchestration,spo2,"Coroutine lambda: downloads SpO2 list from server via BloodOxygenRepository.downBoFromServer(uid, lastId)",no,**Server download** of blood oxygen data; no BLE touch
J05577,java_chunks/ch0018_app_orchestration_strong_hits.md,com/qcwireless/smart/ui/base/service/NetService$downHeartRateDetail$1.java,documented_app_orchestration,hr,"Coroutine lambda: downloads HR detail from server via HeartRateDetailRepository.downHeartRateDetailFromServer(uid, lastId)",no,**Server download** of heart rate detail; no BLE touch
J05578,java_chunks/ch0018_app_orchestration_strong_hits.md,com/qcwireless/smart/ui/base/service/NetService$downSleepDetail$1.java,documented_app_orchestration,sleep,"Coroutine lambda: downloads sleep detail from server via SleepDetailRepository.downSleepDetailNewProtocolFromServer(uid, lastId)",no,"**Server download** of sleep detail; uses ""NewProtocol"" variant; no BLE touch"
J05579,java_chunks/ch0018_app_orchestration_strong_hits.md,com/qcwireless/smart/ui/base/service/NetService$downSportDetail$1.java,documented_app_orchestration,steps_sport,"Coroutine lambda: downloads sport detail from server via SportPlusRepository.downSportDetailFromServer(uid, lastId)",no,**Server download** of sport detail; no BLE touch
J05582,java_chunks/ch0018_app_orchestration_strong_hits.md,com/qcwireless/smart/ui/base/service/NetService$upBoList$1.java,documented_app_orchestration,spo2,Coroutine lambda: uploads SpO2 data to server via BloodOxygenRepository.updateBloodOxygenDetailToServer(); collects Flow<NetState<Integer>>,no,**Server upload** of blood oxygen data; Flow-based result; no BLE touch
J05585,java_chunks/ch0018_app_orchestration_strong_hits.md,com/qcwireless/smart/ui/base/service/NetService$upHeartRateDetail$1.java,documented_app_orchestration,hr,Coroutine lambda: uploads HR detail to server via HeartRateDetailRepository.updateHeartRateDetailToServer(); collects Flow<NetState<Integer>>,no,**Server upload** of heart rate detail; Flow-based result; no BLE touch
J05586,java_chunks/ch0018_app_orchestration_strong_hits.md,com/qcwireless/smart/ui/base/service/NetService$upSleepDetail$1.java,documented_app_orchestration,sleep,Coroutine lambda: uploads sleep detail to server; checks UserConfig.getNewSleepProtocol() → if true calls SleepDetailRepository.updateSleepDetailToServerNewProtocol(); collects Flow<NetState<Integer>>,no,**Server upload** of sleep detail; dual-protocol path (new vs old); no BLE touch
J05587,java_chunks/ch0018_app_orchestration_strong_hits.md,com/qcwireless/smart/ui/base/service/NetService$upSportDetailDetail$1.java,documented_app_orchestration,steps_sport,Coroutine lambda: uploads sport detail to server via SportPlusRepository.updateSportDetailToServer(); collects Flow<NetState<Integer>>,no,**Server upload** of sport detail; Flow-based result; no BLE touch
J05589,java_chunks/ch0018_app_orchestration_strong_hits.md,com/qcwireless/smart/ui/base/service/NetService.java,documented_app_orchestration,"hr, sleep, spo2, steps_sport, storage_db, sync_scheduler, temperature",**CRITICAL: Central cloud sync orchestrator** — singleton via Companion.getInstance(); owns QcSyncDao; downAll() and upAll() are the main entry points,no,**Pure cloud sync; NO BLE/device touch** — see analysis below
J05590,java_chunks/ch0018_app_orchestration_strong_hits.md,com/qcwireless/smart/ui/base/service/NoForegroundMotionDetector.java,documented_app_orchestration,sleep,"Android Service: accelerometer-based motion detection for background; uses WakeLock, ScheduledExecutorService, SensorManager",no,"Background motion detection service; sleep domain hit is from ""sleep"" in scheduling; no direct health data"
J05593,java_chunks/ch0018_app_orchestration_strong_hits.md,com/qcwireless/smart/ui/base/service/SimpleMotionDetector.java,documented_app_orchestration,"ble_connection, uart_small_data",Android Service: motion detection with StateFlow<Boolean> isMoving; uses MotionBinder for IPC,no,Motion detection service; ble_connection hit from notify pattern; no direct health data
J05595,java_chunks/ch0018_app_orchestration_strong_hits.md,com/qcwireless/smart/ui/base/thread/Queue.java,documented_app_orchestration,"ble_connection, sync_scheduler, uart_small_data",Thread-safe blocking queue (LinkedList) with wait/notify for BLE task scheduling,no,Producer-consumer queue for BLE background thread tasks; no health data directly
J05596,java_chunks/ch0018_app_orchestration_strong_hits.md,com/qcwireless/smart/ui/base/thread/SleepTask.java,documented_app_orchestration,sleep,IDo implementation: blocks on Lock/Condition.await() to pause the BLE work thread,no,"Thread-pausing sentinel task; ""sleep"" = thread sleep, not health sleep data"
J05597,java_chunks/ch0018_app_orchestration_strong_hits.md,com/qcwireless/smart/ui/base/thread/ThreadManager.java,documented_app_orchestration,"ble_connection, sleep, sync_scheduler",Singleton: manages WorkThread + WakeupThread for BLE reconnection; Queue for task scheduling,no,"**BLE reconnection orchestrator** — manages background BLE thread, wake/sleep cycle, reconnect via BleOperateManager.connectWithScan"
J05598,java_chunks/ch0018_app_orchestration_strong_hits.md,com/qcwireless/smart/ui/base/thread/WakeUpTask.java,documented_app_orchestration,sleep,IDo implementation: delegates to WorkThread.wakeUp() or wakeUpNoSleep(),no,"Wakes the BLE work thread; ""sleep"" = thread sleep, not health"
J05600,java_chunks/ch0018_app_orchestration_strong_hits.md,com/qcwireless/smart/ui/base/thread/WorkThread.java,documented_app_orchestration,"bigdata, ble_connection, sleep, spo2","Background BLE thread: exponential backoff reconnection loop; checks BluetoothUtils.isEnabledBluetooth, BleOperateManager.isConnected, then calls connectWithScan",no,"**Core BLE reconnection loop**: starts at 30s backoff, increments to 120s, then 300s (5min) cycle; uses connectWithScan; spO2 hit is incidental"
J05602,java_chunks/ch0018_app_orchestration_strong_hits.md,com/qcwireless/smart/ui/base/util/AppCacheDataManager.java,excluded_low_signal,storage_db,"Utility: cache/data cleanup — cleanInternalCache, cleanExternalCache, cleanDatabases, cleanSharedPreference, clearAllCache, getTotalCacheSize",no,Pure file system utility; no health/BLE data
J05609,java_chunks/ch0018_app_orchestration_strong_hits.md,com/qcwireless/smart/ui/base/util/MediaUtil.java,excluded_low_signal,storage_db,"Utility: audio playback (find phone ringtone), vibration, media URI resolution",no,Audio/media utility; no health/BLE data
J05612,java_chunks/ch0018_app_orchestration_strong_hits.md,com/qcwireless/smart/ui/base/util/NotificationUtils.java,documented_app_orchestration,"battery, ble_connection, uart_small_data",Notification helper: creates foreground service notification for BLE connection; shows step count when connected,no,BLE notification: shows step count in persistent notification; references BleOperateManager.isConnected
J05614,java_chunks/ch0018_app_orchestration_strong_hits.md,com/qcwireless/smart/ui/base/util/ShellUtils.java,excluded_low_signal,"bigdata, hr, sleep, spo2","Utility: shell command execution (root check, execCommand)",no,Generic shell utility; domain hits are incidental constants; no health data flow
J05621,java_chunks/ch0018_app_orchestration_strong_hits.md,com/qcwireless/smart/ui/base/view/BatteryImage.java,excluded_low_signal,battery,Custom View: draws battery level bar with skin support,no,Pure UI widget for battery display; no data flow
J05624,java_chunks/ch0018_app_orchestration_strong_hits.md,com/qcwireless/smart/ui/base/view/CircularProgressBar.java,excluded_low_signal,sleep,Custom View: animated circular progress bar with skin support,no,"Pure UI widget; ""sleep"" hit is from animation timing"
J05625,java_chunks/ch0018_app_orchestration_strong_hits.md,com/qcwireless/smart/ui/base/view/CircularSeekBar.java,excluded_low_signal,"bigdata, hr, sleep",Custom View: circular seek bar with touch interaction,no,Pure UI widget; domain hits are incidental
J05638,java_chunks/ch0018_app_orchestration_strong_hits.md,com/qcwireless/smart/ui/base/view/gps/LockProgressBar.java,excluded_low_signal,sleep,Custom View: GPS lock progress animation,no,Pure UI widget; no health data
J05641,java_chunks/ch0018_app_orchestration_strong_hits.md,com/qcwireless/smart/ui/base/view/healthy/PubuProgressCircle.java,excluded_low_signal,sleep,Custom View: circular progress for health metrics,no,Pure UI widget; no health data flow
J05647,java_chunks/ch0018_app_orchestration_strong_hits.md,com/qcwireless/smart/ui/base/view/PGBloodOxygenView.java,excluded_low_signal,"bigdata, hr, spo2",Custom View: blood oxygen bar (80–100 range),no,Pure UI widget; renders SpO2 value; no data flow
J05648,java_chunks/ch0018_app_orchestration_strong_hits.md,com/qcwireless/smart/ui/base/view/PGBloodPressureView.java,excluded_low_signal,hr,Custom View: blood pressure bar (0–200 range),no,Pure UI widget; renders BP value; no data flow
J06324,java_chunks/custom_spo2_ui_lifecycle.md,com/qcwireless/smart/ui/home/bloodoxgen/BloodOxygenActivity.java,active,spo2\,ble_connection\,Yes — trace BloodOxygenRepository.syncAutoBloodOxygen() and StartHeartRateReq/StopHeartRateReq for BLE protocol details,"**CRITICAL FILE.** Full manual SpO2 measurement lifecycle: start via BLE command type=3, 30s timeout, real-time value callback, auto-save, wearing detection on error, stop-on-leave. Also displays historical chart via ViewModel, calendar navigation, bo2Detection toggle. Two distinct measurement modes: manual (user-initiated BLE command) and auto (device notification triggers syncTodayData)."
J06325,java_chunks/custom_spo2_ui_lifecycle.md,com/qcwireless/smart/ui/home/bloodoxgen/BloodOxygenDataDetailActivity.java,active,spo2\,bigdata\,No,"**Display-only detail screen.** Distinguishes auto (type<=0, shows sync button) vs manual (type>0, hides sync button) data. Sync button calls viewModel.syncTodayData(). No BLE commands issued directly."
J06326,java_chunks/custom_spo2_ui_lifecycle.md,com/qcwireless/smart/ui/home/bloodoxgen/BloodOxygenGuideActivity.java,active,spo2,Static SpO2 guide/information page,No,"**Pure display.** Sets title text only. No BLE, no data, no sync."
J06327,java_chunks/custom_spo2_ui_lifecycle.md,com/qcwireless/smart/ui/home/bloodoxgen/BloodOxygenViewModel$initData$1.java,active,spo2,Coroutine that loads DeviceSetting from repository and posts to LiveData,No,"SuspendLambda coroutine. Calls deviceSettingRepository.getDeviceSetting(mac), collects Flow, posts DeviceSetting to _deviceSetting LiveData. No BLE commands."
J06328,java_chunks/custom_spo2_ui_lifecycle.md,com/qcwireless/smart/ui/home/bloodoxgen/BloodOxygenViewModel.java,active,spo2\,sync_scheduler\,Yes — trace BloodOxygenRepository.syncAutoBloodOxygen() implementation,"**Key ViewModel.** syncTodayData() calls bloodOxygenRepository.syncAutoBloodOxygen(0, ...) — BLE device sync for today's auto SpO2 data. saveDeviceSetting() sends BLE write command BloodOxygenSettingReq AND persists to DB. All query methods are local DB reads via BloodOxygenRepository. No server sync."
J06406,java_chunks/custom_spo2_ui_lifecycle.md,com/qcwireless/smart/ui/home/healthy/bean/LastBloodOxygenItem$queryLastBlood$1.java,active,spo2,Flow emitter that queries last auto + manual SpO2 data for home dashboard,No,"Queries both auto (queryLastBloodOxygen) and manual (queryLastManualBloodOxygenDate) data. Compares timestamps; shows whichever is more recent. Uses QBloodOxygenLineChartHomeView.DataBean for auto data. Logs to ""OXYTest"" tag."
J06407,java_chunks/custom_spo2_ui_lifecycle.md,com/qcwireless/smart/ui/home/healthy/bean/LastBloodOxygenItem$queryLastBlood$2.java,active,spo2,Flow onStart callback — no-op (empty implementation),No,Empty onStart block for the flow. No logic.
J06408,java_chunks/custom_spo2_ui_lifecycle.md,com/qcwireless/smart/ui/home/healthy/bean/LastBloodOxygenItem$queryLastBlood$3.java,active,spo2,Flow catch callback — logs error for SpO2 query,No,Error handler for SpO2 flow. Logs exception and prints stack trace. No recovery logic.
J06409,java_chunks/custom_spo2_ui_lifecycle.md,com/qcwireless/smart/ui/home/healthy/bean/LastBloodOxygenItem.java,active,spo2,"Home dashboard SpO2 item bean: holds last SpO2 value, date, chart data for Healthy page",No,"**Home dashboard display bean.** queryLastBlood() returns a Flow that queries auto+manual SpO2, compares timestamps, emits the most recent. itemType=4 for MultiItemEntity adapter dispatch. No BLE commands."
J06518,java_chunks/custom_spo2_ui_lifecycle.md,com/qcwireless/smart/ui/home/healthy/vm/HealthyViewModel$syncBloodOxygen$1.java,active,spo2\,sync_scheduler,Yes — confirm meaning of param 0 vs 255 in BloodOxygenRepository,"**Device BLE sync, not server sync.** Calls syncAutoBloodOxygen(255, ...) — the 255 parameter likely means ""sync all available historical data"" (vs. 0 for today-only in BloodOxygenViewModel). Callback is a no-op — just acknowledges."
J06551,java_chunks/custom_hr_hrv_onekey_ui_lifecycle.md,ui/home/heart/HeartActivityViewModel$getAge$1.java,Deep-read complete,hr,Coroutine that fetches user profile age and posts to _age LiveData,No,Used for HR zone calculation (maxHeart = 220 - age)
J06552,java_chunks/custom_hr_hrv_onekey_ui_lifecycle.md,ui/home/heart/HeartActivityViewModel$initData$1.java,Deep-read complete,storage_db,Coroutine that loads DeviceSetting from DB and posts to _deviceSetting LiveData,No,Two-suspend-point coroutine (labels 0→1→2). Emits DeviceSetting flow to LiveData
J06553,java_chunks/custom_hr_hrv_onekey_ui_lifecycle.md,ui/home/heart/HeartActivityViewModel.java,Deep-read complete,"hr, hrv_regular, storage_db","HR ViewModel: syncs today's HR data, saves device settings, queries detail lists",No,Three sync branches: manualHeart vs standard vs null DeviceFunctionList. m862getAge() launches coroutine via getAge$1 inner class
J06557,java_chunks/custom_hr_hrv_onekey_ui_lifecycle.md,ui/home/heart/HrvActivityViewModel$initData$1.java,Deep-read complete,storage_db,Coroutine that loads DeviceSetting from DB and posts to _deviceSetting LiveData,No,Same pattern as HR's initData$1 but uses static DeviceSettingRepository.INSTANCE
J06558,java_chunks/custom_hr_hrv_onekey_ui_lifecycle.md,ui/home/heart/HrvActivityViewModel.java,Deep-read complete,"hrv_regular, storage_db","HRV ViewModel: syncs today's HRV data, saves HRV device settings, queries pressure by date",No,Uses HRVRepository (not HeartRateDetailRepository). syncTodayData() uses BaseDeviceResult<HRVRsp>
J06660,java_chunks/custom_hr_hrv_onekey_ui_lifecycle.md,ui/home/onekey/OneKeyCheckViewModel$getLastOneKeyCheck$1.java,Deep-read complete,storage_db,Coroutine that loads last OneKey check from repository and posts to _lastState LiveData,No,Wraps nullable LastOneKeyBean in OneKeyLastBean data class
J06661,java_chunks/custom_hr_hrv_onekey_ui_lifecycle.md,ui/home/onekey/OneKeyCheckViewModel$querySupportItems$1.java,Deep-read complete,none,Stub coroutine — invokeSuspend() just returns Unit immediately,Yes — what was this supposed to do?,Likely a placeholder or the real logic was inlined/removed by obfuscation
J06662,java_chunks/custom_hr_hrv_onekey_ui_lifecycle.md,ui/home/onekey/OneKeyCheckViewModel.java,Deep-read complete,"hr, spo2, bp, hrv_regular, storage_db","OneKey ViewModel: starts/stops composite health check, saves last result, queries support items",No,OneKeyResp inner class implements ICommandResponse<StartHeartRateRsp>. Saves to key com.qcwxkjvip.lastOneKeyCheck
