chunk_id,chunk_type,source_tree,path_prefix_or_filter,ledger_ids,row_count,status,assigned_agent_id,output_file,review_status,notes
CH0001,sdk_protocol,decompiled4,decompiled4 com/oudmon/ble protocol SDK,J03884|J03885|J03886|J03887|J03888|J03889|J03890|J03891|J03892|J03893|J03894|J03895|J03896|J03897|J03898|J03899|J03900|J03901|J03902|J03903|J03904|J03905|J03906|J03907|J03908|J03909|J03910|J03911|J03912|J03913|J03914|J03915|J03916|J03917|J03918,35,pending,,docs/reference/colmi_sibling_packet/java_chunks/ch0001_sdk_protocol.md,unreviewed,
CH0002,sdk_protocol,decompiled4,decompiled4 com/oudmon/ble protocol SDK,J03919|J03920|J03921|J03922|J03923|J03924|J03925|J03926|J03927|J03928|J03929|J03930|J03931|J03932|J03933|J03934|J03935|J03936|J03937|J03938|J03939|J03940|J03941|J03942|J03943|J03944|J03945|J03946|J03947|J03948|J03949|J03950|J03951|J03952|J03953,35,pending,,docs/reference/colmi_sibling_packet/java_chunks/ch0002_sdk_protocol.md,unreviewed,
CH0003,sdk_protocol,decompiled4,decompiled4 com/oudmon/ble protocol SDK,J03954|J03955|J03956|J03957|J03958|J03959|J03960|J03961|J03962|J03963|J03964|J03965|J03966|J03967|J03968|J03969|J03970|J03971|J03972|J03973|J03974|J03975|J03976|J03977|J03978|J03979|J03980|J03981|J03982|J03983|J03984|J03985|J03986|J03987|J03988,35,pending,,docs/reference/colmi_sibling_packet/java_chunks/ch0003_sdk_protocol.md,unreviewed,
CH0004,sdk_protocol,decompiled4,decompiled4 com/oudmon/ble protocol SDK,J03989|J03990|J03991|J03992|J03993|J03994|J03995|J03996|J03997|J03998|J03999|J04000|J04001|J04002|J04003|J04004|J04005|J04006|J04007|J04008|J04009|J04010|J04011|J04012|J04013|J04014|J04015|J04016|J04017|J04018|J04019|J04020|J04021|J04022|J04023,35,pending,,docs/reference/colmi_sibling_packet/java_chunks/ch0004_sdk_protocol.md,unreviewed,
CH0005,sdk_protocol,decompiled4,decompiled4 com/oudmon/ble protocol SDK,J04024|J04025|J04026|J04027|J04028|J04029|J04030|J04031|J04032|J04033|J04034|J04035|J04036|J04037|J04038|J04039|J04040|J04041|J04042|J04043|J04044|J04045|J04046|J04047|J04048|J04049|J04050|J04051|J04052|J04053|J04054|J04055|J04056|J04057|J04058,35,pending,,docs/reference/colmi_sibling_packet/java_chunks/ch0005_sdk_protocol.md,unreviewed,
CH0006,sdk_protocol,decompiled4,decompiled4 com/oudmon/ble protocol SDK,J04059|J04060|J04061|J04062|J04063|J04064|J04065|J04066|J04067|J04068|J04069|J04070|J04071|J04072|J04073|J04074|J04075|J04076|J04077|J04078|J04079|J04080|J04081|J04082|J04083|J04084|J04085|J04086|J04087|J04088|J04089|J04090|J04091|J04092|J04093,35,pending,,docs/reference/colmi_sibling_packet/java_chunks/ch0006_sdk_protocol.md,unreviewed,
CH0007,sdk_protocol,decompiled4,decompiled4 com/oudmon/ble protocol SDK,J04094|J04095|J04096|J04097|J04098|J04099|J04100|J04101|J04102|J04103|J04104|J04105|J04106|J04107|J04108|J04109|J04110|J04111|J04112|J04113|J04114|J04115|J04116|J04117|J04118|J04119|J04120|J04121|J04122|J04123|J04124|J04125|J04126|J04127|J04128,35,pending,,docs/reference/colmi_sibling_packet/java_chunks/ch0007_sdk_protocol.md,unreviewed,
CH0008,sdk_protocol,decompiled4,decompiled4 com/oudmon/ble protocol SDK,J04129|J04130|J04131|J04132|J04133|J04134|J04135|J04136|J04137,9,pending,,docs/reference/colmi_sibling_packet/java_chunks/ch0008_sdk_protocol.md,unreviewed,
CH0009,app_orchestration_strong_hits,decompiled4,decompiled4 com/qcwireless/smart target-domain hits,J04145|J04147|J04153|J04157|J04158|J04166|J04174|J04175|J04176|J04177|J04178|J04179|J04184|J04190|J04192|J04193|J04194|J04195|J04237|J04259|J04263|J04269|J04270|J04273|J04274|J04282|J04283|J04288|J04289|J04291|J05019|J05020|J05023|J05024|J05026,35,pending,,docs/reference/colmi_sibling_packet/java_chunks/ch0009_app_orchestration_strong_hits.md,unreviewed,
CH0010,app_orchestration_strong_hits,decompiled4,decompiled4 com/qcwireless/smart target-domain hits,J05028|J05029|J05031|J05049|J05061|J05062|J05064|J05066|J05067|J05070|J05080|J05081|J05082|J05083|J05085|J05086|J05087|J05088|J05089|J05091|J05092|J05095|J05111|J05113|J05114|J05116|J05118|J05139|J05140|J05141|J05143|J05145|J05146|J05150|J05151,35,pending,,docs/reference/colmi_sibling_packet/java_chunks/ch0010_app_orchestration_strong_hits.md,unreviewed,
CH0011,app_orchestration_strong_hits,decompiled4,decompiled4 com/qcwireless/smart target-domain hits,J05152|J05153|J05155|J05156|J05157|J05158|J05162|J05163|J05164|J05165|J05166|J05167|J05168|J05169|J05170|J05171|J05172|J05173|J05174|J05175|J05176|J05177|J05178|J05179|J05180|J05181|J05182|J05183|J05184|J05185|J05186|J05187|J05188|J05189|J05190,35,pending,,docs/reference/colmi_sibling_packet/java_chunks/ch0011_app_orchestration_strong_hits.md,unreviewed,
CH0012,app_orchestration_strong_hits,decompiled4,decompiled4 com/qcwireless/smart target-domain hits,J05191|J05192|J05193|J05194|J05195|J05196|J05197|J05198|J05199|J05200|J05201|J05202|J05203|J05204|J05205|J05206|J05207|J05208|J05209|J05210|J05211|J05212|J05213|J05214|J05215|J05216|J05217|J05218|J05219|J05220|J05221|J05222|J05223|J05224|J05225,35,pending,,docs/reference/colmi_sibling_packet/java_chunks/ch0012_app_orchestration_strong_hits.md,unreviewed,
CH0013,app_orchestration_strong_hits,decompiled4,decompiled4 com/qcwireless/smart target-domain hits,J05226|J05227|J05228|J05229|J05230|J05231|J05232|J05233|J05234|J05235|J05236|J05237|J05238|J05239|J05240|J05241|J05242|J05243|J05244|J05245|J05246|J05247|J05248|J05249|J05250|J05251|J05252|J05253|J05254|J05255|J05256|J05257|J05258|J05259|J05273,35,pending,,docs/reference/colmi_sibling_packet/java_chunks/ch0013_app_orchestration_strong_hits.md,unreviewed,
CH0014,app_orchestration_strong_hits,decompiled4,decompiled4 com/qcwireless/smart target-domain hits,J05276|J05279|J05282|J05291|J05293|J05294|J05296|J05300|J05303|J05304|J05305|J05306|J05307|J05309|J05310|J05311|J05312|J05314|J05317|J05323|J05327|J05328|J05329|J05330|J05331|J05333|J05334|J05341|J05343|J05344|J05345|J05346|J05350|J05353|J05356,35,pending,,docs/reference/colmi_sibling_packet/java_chunks/ch0014_app_orchestration_strong_hits.md,unreviewed,
CH0015,app_orchestration_strong_hits,decompiled4,decompiled4 com/qcwireless/smart target-domain hits,J05359|J05360|J05361|J05362|J05364|J05365|J05366|J05367|J05368|J05369|J05373|J05374|J05375|J05376|J05377|J05378|J05379|J05380|J05383|J05387|J05388|J05389|J05390|J05393|J05395|J05396|J05398|J05402|J05403|J05404|J05405|J05406|J05407|J05408|J05409,35,pending,,docs/reference/colmi_sibling_packet/java_chunks/ch0015_app_orchestration_strong_hits.md,unreviewed,
CH0016,app_orchestration_strong_hits,decompiled4,decompiled4 com/qcwireless/smart target-domain hits,J05410|J05411|J05412|J05413|J05414|J05415|J05416|J05420|J05422|J05423|J05424|J05425|J05426|J05427|J05428|J05430|J05431|J05432|J05433|J05434|J05435|J05436|J05437|J05438|J05439|J05440|J05441|J05442|J05443|J05444|J05445|J05446|J05447|J05448|J05449,35,pending,,docs/reference/colmi_sibling_packet/java_chunks/ch0016_app_orchestration_strong_hits.md,unreviewed,
CH0017,app_orchestration_strong_hits,decompiled4,decompiled4 com/qcwireless/smart target-domain hits,J05450|J05451|J05452|J05453|J05454|J05455|J05456|J05457|J05461|J05462|J05463|J05466|J05467|J05468|J05469|J05470|J05471|J05472|J05473|J05474|J05481|J05487|J05492|J05499|J05507|J05509|J05510|J05516|J05519|J05525|J05527|J05529|J05531|J05532|J05533,35,pending,,docs/reference/colmi_sibling_packet/java_chunks/ch0017_app_orchestration_strong_hits.md,unreviewed,
CH0018,app_orchestration_strong_hits,decompiled4,decompiled4 com/qcwireless/smart target-domain hits,J05536|J05542|J05548|J05550|J05551|J05553|J05560|J05563|J05574|J05577|J05578|J05579|J05582|J05585|J05586|J05587|J05589|J05590|J05593|J05595|J05596|J05597|J05598|J05600|J05602|J05609|J05612|J05614|J05621|J05624|J05625|J05638|J05641|J05647|J05648,35,pending,,docs/reference/colmi_sibling_packet/java_chunks/ch0018_app_orchestration_strong_hits.md,unreviewed,
CH0019,app_orchestration_strong_hits,decompiled4,decompiled4 com/qcwireless/smart target-domain hits,J05650|J05658|J05670|J05671|J05672|J05673|J05676|J05677|J05680|J05683|J05684|J05685|J05686|J05687|J05688|J05689|J05690|J05694|J05695|J05696|J05697|J05698|J05699|J05704|J05705|J05706|J05707|J05708|J05709|J05710|J05711|J05712|J05713|J05714|J05716,35,pending,,docs/reference/colmi_sibling_packet/java_chunks/ch0019_app_orchestration_strong_hits.md,unreviewed,
CH0020,app_orchestration_strong_hits,decompiled4,decompiled4 com/qcwireless/smart target-domain hits,J05722|J05723|J05726|J05728|J05729|J05730|J05731|J05736|J05737|J05740|J05744|J05747|J05748|J05749|J05751|J05752|J05754|J05755|J05757|J05758|J05759|J05760|J05761|J05762|J05763|J05764|J05765|J05766|J05767|J05773|J05775|J05776|J05781|J05784|J05785,35,pending,,docs/reference/colmi_sibling_packet/java_chunks/ch0020_app_orchestration_strong_hits.md,unreviewed,
CH0021,app_orchestration_strong_hits,decompiled4,decompiled4 com/qcwireless/smart target-domain hits,J05786|J05788|J05793|J05799|J05808|J05818|J05827|J05848|J05851|J05861|J05889|J05912|J05930|J05942|J05943|J05950|J05952|J05956|J05960|J05962|J05970|J05972|J05973|J05974|J05985|J05987|J05989|J05991|J05996|J05997|J05999|J06005|J06006|J06011|J06012,35,pending,,docs/reference/colmi_sibling_packet/java_chunks/ch0021_app_orchestration_strong_hits.md,unreviewed,
CH0022,app_orchestration_strong_hits,decompiled4,decompiled4 com/qcwireless/smart target-domain hits,J06014|J06015|J06016|J06017|J06023|J06024|J06026|J06027|J06029|J06031|J06032|J06033|J06042|J06043|J06044|J06047|J06057|J06058|J06061|J06062|J06065|J06066|J06069|J06070|J06072|J06073|J06076|J06077|J06079|J06082|J06084|J06086|J06088|J06095|J06096,35,pending,,docs/reference/colmi_sibling_packet/java_chunks/ch0022_app_orchestration_strong_hits.md,unreviewed,
CH0023,app_orchestration_strong_hits,decompiled4,decompiled4 com/qcwireless/smart target-domain hits,J06098|J06100|J06102|J06105|J06106|J06107|J06108|J06109|J06112|J06116|J06120|J06122|J06132|J06138|J06154|J06156|J06158|J06164|J06169|J06171|J06172|J06181|J06184|J06185|J06186|J06189|J06204|J06222|J06249|J06253|J06270|J06286|J06288|J06295|J06306,35,pending,,docs/reference/colmi_sibling_packet/java_chunks/ch0023_app_orchestration_strong_hits.md,unreviewed,
CH0024,app_orchestration_strong_hits,decompiled4,decompiled4 com/qcwireless/smart target-domain hits,J06311|J06321|J06322|J06324|J06325|J06326|J06327|J06328|J06330|J06333|J06334|J06335|J06341|J06342|J06345|J06346|J06347|J06348|J06349|J06351|J06359|J06360|J06361|J06364|J06365|J06366|J06367|J06369|J06370|J06371|J06373|J06375|J06376|J06381|J06382,35,pending,,docs/reference/colmi_sibling_packet/java_chunks/ch0024_app_orchestration_strong_hits.md,unreviewed,
CH0025,app_orchestration_strong_hits,decompiled4,decompiled4 com/qcwireless/smart target-domain hits,J06387|J06391|J06392|J06393|J06394|J06396|J06398|J06400|J06401|J06406|J06407|J06408|J06409|J06418|J06419|J06420|J06421|J06431|J06432|J06433|J06434|J06435|J06436|J06437|J06438|J06439|J06448|J06463|J06464|J06465|J06466|J06467|J06468|J06469|J06470,35,pending,,docs/reference/colmi_sibling_packet/java_chunks/ch0025_app_orchestration_strong_hits.md,unreviewed,
CH0026,app_orchestration_strong_hits,decompiled4,decompiled4 com/qcwireless/smart target-domain hits,J06471|J06472|J06473|J06475|J06477|J06480|J06481|J06483|J06484|J06486|J06494|J06496|J06497|J06499|J06504|J06508|J06511|J06513|J06514|J06518|J06519|J06520|J06521|J06522|J06523|J06524|J06525|J06526|J06527|J06528|J06529|J06530|J06531|J06532|J06533,35,pending,,docs/reference/colmi_sibling_packet/java_chunks/ch0026_app_orchestration_strong_hits.md,unreviewed,
CH0027,app_orchestration_strong_hits,decompiled4,decompiled4 com/qcwireless/smart target-domain hits,J06534|J06535|J06536|J06537|J06538|J06539|J06540|J06541|J06542|J06543|J06544|J06545|J06546|J06547|J06548|J06549|J06550|J06551|J06552|J06553|J06554|J06555|J06556|J06557|J06558|J06559|J06560|J06561|J06564|J06565|J06566|J06576|J06577|J06578|J06582,35,pending,,docs/reference/colmi_sibling_packet/java_chunks/ch0027_app_orchestration_strong_hits.md,unreviewed,
CH0028,app_orchestration_strong_hits,decompiled4,decompiled4 com/qcwireless/smart target-domain hits,J06595|J06596|J06598|J06599|J06603|J06604|J06606|J06607|J06608|J06609|J06610|J06611|J06612|J06613|J06614|J06615|J06616|J06620|J06623|J06624|J06625|J06627|J06630|J06632|J06634|J06638|J06642|J06643|J06644|J06645|J06648|J06649|J06651|J06656|J06658,35,pending,,docs/reference/colmi_sibling_packet/java_chunks/ch0028_app_orchestration_strong_hits.md,unreviewed,
CH0029,app_orchestration_strong_hits,decompiled4,decompiled4 com/qcwireless/smart target-domain hits,J06659|J06662|J06666|J06668|J06672|J06675|J06676|J06677|J06678|J06679|J06680|J06681|J06682|J06683|J06684|J06685|J06686|J06687|J06688|J06689|J06690|J06691|J06692|J06693|J06694|J06695|J06696|J06697|J06698|J06699|J06700|J06701|J06702|J06703|J06704,35,pending,,docs/reference/colmi_sibling_packet/java_chunks/ch0029_app_orchestration_strong_hits.md,unreviewed,
CH0030,app_orchestration_strong_hits,decompiled4,decompiled4 com/qcwireless/smart target-domain hits,J06705|J06706|J06707|J06708|J06709|J06710|J06711|J06712|J06713|J06714|J06715|J06716|J06717|J06718|J06719|J06720|J06721|J06722|J06723|J06724|J06725|J06726|J06727|J06729|J06730|J06733|J06734|J06736|J06739|J06740|J06747|J06748|J06749|J06750|J06751,35,pending,,docs/reference/colmi_sibling_packet/java_chunks/ch0030_app_orchestration_strong_hits.md,unreviewed,
CH0031,app_orchestration_strong_hits,decompiled4,decompiled4 com/qcwireless/smart target-domain hits,J06752|J06753|J06754|J06755|J06756|J06757|J06758|J06759|J06760|J06761|J06765|J06766|J06767|J06768|J06774|J06775|J06779|J06787|J06788|J06794|J06800|J06817|J06826|J06832|J06841|J06842|J06843|J06846|J06847|J06851|J06853|J06854|J06858|J06866|J06870,35,pending,,docs/reference/colmi_sibling_packet/java_chunks/ch0031_app_orchestration_strong_hits.md,unreviewed,
CH0032,app_orchestration_strong_hits,decompiled4,decompiled4 com/qcwireless/smart target-domain hits,J06871|J06872|J06873|J06874|J06875|J06876|J06877|J06878|J06879|J06880|J06881|J06883|J06884|J06886|J06892|J06897|J06900|J06901|J06902|J06906|J06945|J06948|J06966|J06967|J07009|J07011|J07024|J07035|J07046|J07052|J07055|J07056|J07057|J07058|J07059,35,pending,,docs/reference/colmi_sibling_packet/java_chunks/ch0032_app_orchestration_strong_hits.md,unreviewed,
CH0033,app_orchestration_strong_hits,decompiled4,decompiled4 com/qcwireless/smart target-domain hits,J07062,1,pending,,docs/reference/colmi_sibling_packet/java_chunks/ch0033_app_orchestration_strong_hits.md,unreviewed,
CH0034,obfuscated_hits,decompiled,decompiled com/cxxyuek/app/utyi target-domain hits,J00391|J00568|J00592|J00631|J01112|J01275|J01469|J02063,8,pending,,docs/reference/colmi_sibling_packet/java_chunks/ch0034_obfuscated_hits.md,unreviewed,
CH0035,tertiary_constants,decompiled4,decompiled4 tertiary SDK relevant constants/domain hits,J07072|J07075|J07076|J07083|J07084|J07085|J07086|J07088|J07090|J07091|J07092|J07093|J07094|J07095|J07096|J07102|J07104|J07105|J07108|J07109|J07110|J07111|J07121|J07124|J07125|J07126|J07127|J07128|J07129|J07130|J07131|J07132|J07133|J07134|J07141|J07142|J07143|J07144|J07145|J07146,40,pending,,docs/reference/colmi_sibling_packet/java_chunks/ch0035_tertiary_constants.md,unreviewed,
CH0036,tertiary_constants,decompiled4,decompiled4 tertiary SDK relevant constants/domain hits,J07147|J07148|J07149|J07150|J07151|J07152|J07153|J07154|J07156|J07157|J07162|J07164|J07167|J07173|J07177|J07178|J07179|J07180|J07181|J07182|J07187|J07189|J07196|J07198|J07199|J07201|J07205|J07206|J07207|J07209|J07210|J07211|J07213|J07214|J07215|J07216|J07217|J07219|J07220|J07222,40,pending,,docs/reference/colmi_sibling_packet/java_chunks/ch0036_tertiary_constants.md,unreviewed,
CH0037,tertiary_constants,decompiled4,decompiled4 tertiary SDK relevant constants/domain hits,J07223|J07224|J07226|J07227|J07228|J07229|J07231|J07234|J07237|J07238|J07240|J07247|J07248|J07250|J07251|J07252|J07253|J07254|J07262|J07264|J07266|J07267|J07269|J07270|J07271|J07274|J07275|J07276|J07277|J07278|J07279|J07280|J07281|J07282|J07283|J07284|J07285|J07286|J07287|J07288,40,pending,,docs/reference/colmi_sibling_packet/java_chunks/ch0037_tertiary_constants.md,unreviewed,
CH0038,tertiary_constants,decompiled4,decompiled4 tertiary SDK relevant constants/domain hits,J07289|J07290|J07292|J07293|J07295|J07296|J07297|J07298|J07299|J07300|J07301|J07302|J07303|J07304|J07305|J07306|J07307|J07308|J07309|J07310|J07311|J07312|J07313|J07314|J07315|J07316|J07317|J07318|J07319|J07321|J07322|J07323|J07324|J07331|J07333|J07334|J07336|J07339|J07340|J07341,40,pending,,docs/reference/colmi_sibling_packet/java_chunks/ch0038_tertiary_constants.md,unreviewed,
CH0039,tertiary_constants,decompiled4,decompiled4 tertiary SDK relevant constants/domain hits,J07342|J07348|J07349,3,pending,,docs/reference/colmi_sibling_packet/java_chunks/ch0039_tertiary_constants.md,unreviewed,
CH0040,misc_deep_read,mixed,remaining needs_deep_read rows,J03322|J03323|J03324|J03325|J03326|J03327|J03328|J03329|J03330|J03331|J03332|J03333|J03334|J03335|J03336|J03337|J03338|J03339|J03340|J03341|J03342|J03343|J03344|J03345|J03346|J03347|J03348|J03349|J03350|J03351|J03352|J03353|J03354|J03355|J03356|J03357|J03358|J03359|J03360|J03361,40,pending,,docs/reference/colmi_sibling_packet/java_chunks/ch0040_misc_deep_read.md,unreviewed,
CH0041,misc_deep_read,mixed,remaining needs_deep_read rows,J03362|J03363|J03364|J03365|J03366|J03367|J03368|J03369|J03370|J03371|J03372|J03373|J03374|J03375|J03376|J03377|J03378|J03379|J03380|J03381|J03382|J03383|J03384|J03393|J03395|J03396|J03742|J03743|J03825|J04138|J04139|J04140|J04141|J04142|J04143|J07504|J07516,37,pending,,docs/reference/colmi_sibling_packet/java_chunks/ch0041_misc_deep_read.md,unreviewed,
